"dataset_id","role","xcms_fts","formula_rank","formula_score","structure_rank","tanimoto","csi_score","adduct","structure_name","target_present","confidence","rt","mz","adduct_inferred","file","source_file","chrom_type","assay","mz_theo","mz_ppm_dev"
"MSV000088255","parent",2,1,0.56,1,0.992,-4.5,"[M + H]+","6-methoxy-2-[(4-methoxy-3,5-dimethylpyridin-2-yl)methanesulfinyl]-1H-1,3-benzodiazole",TRUE,"strict",240.979,346.122196634463,"[M+H]+","Urine_NGS124_FragPos.mzML","Urine_NGS124_FragPos.mzML","RP","MSV000088255",346.121988468,0.601425133262825
"MSV000088255","metabolite",1,1,0.819,3,0.91,-34.7,"[M + H]+",NA,TRUE,"standard",337.392,362.116630432207,"[M+H]+","Urine_NGS017_FragPos.mzML","Urine_NGS017_FragPos.mzML","RP","MSV000088255",362.116903088,-0.752949643335687
"MSV000088255","metabolite",3,1,0.858,3,0.924,-30.2,"[M + H]+",NA,TRUE,"standard",256.278,362.11674852524,"[M+H]+","Urine_NGS056_FragPos.mzML","Urine_NGS056_FragPos.mzML","RP","MSV000088255",362.116903088,-0.426831110927799
"MSV000088255","metabolite",4,1,0.914,3,0.924,-31.9,"[M + H]+",NA,TRUE,"standard",264.953,362.116678205845,"[M+H]+","Urine_NGS093_FragPos.mzML","Urine_NGS093_FragPos.mzML","RP","MSV000088255",362.116903088,-0.621020872243181
"MSV000088255","metabolite",5,1,0.92,3,0.924,-28.8,"[M + H]+",NA,TRUE,"standard",309.541,362.116653003535,"[M+H]+","Urine_NGS098_FragPos.mzML","Urine_NGS098_FragPos.mzML","RP","MSV000088255",362.116903088,-0.6906180376055
"MSV000088255","metabolite",6,1,0.923,3,0.902,-34.6,"[M + H]+",NA,TRUE,"standard",260.882,362.12,"[M+H]+","Urine_NGS110_FragPos.mzML","Urine_NGS110_FragPos.mzML","RP","MSV000088255",362.116903088,8.55224369141619
"MSV000088255","metabolite",7,1,0.901,3,0.91,-30.6,"[M + H]+",NA,TRUE,"standard",292.566,362.116859665227,"[M+H]+","Urine_NGS124_FragPos.mzML","Urine_NGS124_FragPos.mzML","RP","MSV000088255",362.116903088,-0.119913687042636
"MSV000088255","metabolite",8,1,0.912,3,0.917,-28.2,"[M + H]+",NA,TRUE,"standard",268.586,362.12,"[M+H]+","Urine_NGS128_FragPos.mzML","Urine_NGS128_FragPos.mzML","RP","MSV000088255",362.116903088,8.55224369141619
"MSV000088255","metabolite",9,1,0.522,3,0.917,-29.9,"[M + H]+",NA,TRUE,"standard",289.752,362.116723025202,"[M+H]+","Urine_NGS135_FragPos.mzML","Urine_NGS135_FragPos.mzML","RP","MSV000088255",362.116903088,-0.497250463756709
"MSV000088255","metabolite",10,1,0.792,3,0.924,-31.5,"[M + H]+",NA,TRUE,"standard",305.554,362.11665276094,"[M+H]+","Urine_NGS142_FragPos.mzML","Urine_NGS142_FragPos.mzML","RP","MSV000088255",362.116903088,-0.691287973290763
"MSV000092754","parent",1,1,0.971,1,0.992,-5.3,"[M + H]+","6-methoxy-2-[(4-methoxy-3,5-dimethylpyridin-2-yl)methanesulfinyl]-1H-1,3-benzodiazole",TRUE,"strict",212.683,346.121525998551,"[M+H]+","pos_NA_8990_NA_NA_193_G_B5.mzXML","pos_NA_8990_NA_NA_193_G_B5.mzXML","Unknown","MSV000092754",346.121988468,-1.33614582248613
"MSV000092754","parent",3,1,0.986,1,0.984,-5.7,"[M + H]+","6-methoxy-2-[(4-methoxy-3,5-dimethylpyridin-2-yl)methanesulfinyl]-1H-1,3-benzodiazole",TRUE,"strict",208.984,346.121423776955,"[M+H]+","pos_inf_prog_10145_Female_73_267_R_A7.mzXML","pos_inf_prog_10145_Female_73_267_R_A7.mzXML","Unknown","MSV000092754",346.121988468,-1.63147983601069
"MSV000092754","parent",4,1,0.92,1,0.984,-5.7,"[M + H]+","6-methoxy-2-[(4-methoxy-3,5-dimethylpyridin-2-yl)methanesulfinyl]-1H-1,3-benzodiazole",TRUE,"strict",213.131,346.12168259103,"[M+H]+","pos_inf_prog_7107_Male_58_267_R_A2.mzXML","pos_inf_prog_7107_Male_58_267_R_A2.mzXML","Unknown","MSV000092754",346.121988468,-0.883725912234443
"MSV000092754","parent",9,1,0.947,1,1,-5.1,"[M + H]+","6-methoxy-2-[(4-methoxy-3,5-dimethylpyridin-2-yl)methanesulfinyl]-1H-1,3-benzodiazole",TRUE,"strict",202.59,346.121317253714,"[M+H]+","pos_inf_non_7009_Female_64_267_R_B7.mzXML","pos_inf_non_7009_Female_64_267_R_B7.mzXML","Unknown","MSV000092754",346.121988468,-1.9392419677581
"MSV000092754","metabolite",3,1,0.692,2,0.932,-25.1,"[M + H]+",NA,TRUE,"standard",207.29,362.116663582679,"[M+H]+","pos_NA_8990_NA_NA_193_G_B5.mzXML","pos_NA_8990_NA_NA_193_G_B5.mzXML","Unknown","MSV000092754",362.116903088,-0.661403317483767
"MSV000092754","metabolite",20,1,0.776,2,0.924,-29.5,"[M + H]+",NA,TRUE,"standard",200.462,362.116360205988,"[M+H]+","pos_inf_prog_7582_male_59_192_B_B5.mzXML","pos_inf_prog_7582_male_59_192_B_B5.mzXML","Unknown","MSV000092754",362.116903088,-1.49918992295567
"MSV000092754","metabolite",1,1,0.388,3,0.895,-40.8,"[M + H]+",NA,TRUE,"standard",111.332,362.116199562346,"[M+H]+","pos_inf_prog_10199_Female_68_267_R_A8.mzXML","pos_inf_prog_10199_Female_68_267_R_A8.mzXML","Unknown","MSV000092754",362.116903088,-1.94281362728427
"MSV000092754","metabolite",2,1,0.954,3,0.932,-25.5,"[M + H]+",NA,TRUE,"standard",195.855,362.116311580717,"[M+H]+","pos_NA_8990_NA_NA_193_G_B5.mzXML","pos_NA_8990_NA_NA_193_G_B5.mzXML","Unknown","MSV000092754",362.116903088,-1.63347051172308
"MSV000092754","metabolite",4,1,0.97,3,0.902,-37,"[M + H]+",NA,TRUE,"standard",234.802,362.11637707669,"[M+H]+","pos_NA_8990_NA_NA_193_G_B5.mzXML","pos_NA_8990_NA_NA_193_G_B5.mzXML","Unknown","MSV000092754",362.116903088,-1.45260081900378
"MSV000092754","metabolite",5,1,0.751,3,0.869,-51.7,"[M + H]+",NA,TRUE,"standard",246.777,362.116142380323,"[M+H]+","pos_NA_8990_NA_NA_193_G_B5.mzXML","pos_NA_8990_NA_NA_193_G_B5.mzXML","Unknown","MSV000092754",362.116903088,-2.10072402172233
"MSV000092754","metabolite",7,1,0.866,3,0.932,-24.9,"[M + H]+",NA,TRUE,"standard",199.552,362.116280132345,"[M+H]+","pos_inf_non_7009_Female_64_267_R_B7.mzXML","pos_inf_non_7009_Female_64_267_R_B7.mzXML","Unknown","MSV000092754",362.116903088,-1.72031642178913
"MSV000092754","metabolite",8,1,0.988,3,0.895,-34.4,"[M + H]+",NA,TRUE,"standard",231.989,362.115938052624,"[M+H]+","pos_inf_non_7009_Female_64_267_R_B7.mzXML","pos_inf_non_7009_Female_64_267_R_B7.mzXML","Unknown","MSV000092754",362.116903088,-2.66498295928344
"MSV000092754","metabolite",9,1,0.957,3,0.861,-85.1,"[M + H]+",NA,TRUE,"standard",242.7,362.116190159506,"[M+H]+","pos_inf_non_7009_Female_64_267_R_B7.mzXML","pos_inf_non_7009_Female_64_267_R_B7.mzXML","Unknown","MSV000092754",362.116903088,-1.96877993800074
"MSV000092754","metabolite",10,1,0.925,3,0.932,-25.2,"[M + H]+",NA,TRUE,"standard",194.764,362.116326959146,"[M+H]+","pos_inf_non_8263_male_54_192_B_F9.mzXML","pos_inf_non_8263_male_54_192_B_F9.mzXML","Unknown","MSV000092754",362.116903088,-1.59100237818209
"MSV000092754","metabolite",12,1,0.828,3,0.869,-78.2,"[M + H]+",NA,TRUE,"standard",246.456,362.116157028898,"[M+H]+","pos_inf_non_8263_male_54_192_B_F9.mzXML","pos_inf_non_8263_male_54_192_B_F9.mzXML","Unknown","MSV000092754",362.116903088,-2.06027140866806
"MSV000092754","metabolite",13,1,0.98,3,0.932,-26,"[M + H]+",NA,TRUE,"standard",191.28,362.116253029732,"[M+H]+","pos_inf_prog_10145_Female_73_267_R_A7.mzXML","pos_inf_prog_10145_Female_73_267_R_A7.mzXML","Unknown","MSV000092754",362.116903088,-1.79516134842791
"MSV000092754","metabolite",14,1,0.769,3,0.924,-28.2,"[M + H]+",NA,TRUE,"standard",204.356,362.116475374369,"[M+H]+","pos_inf_prog_10145_Female_73_267_R_A7.mzXML","pos_inf_prog_10145_Female_73_267_R_A7.mzXML","Unknown","MSV000092754",362.116903088,-1.18114793149195
"MSV000092754","metabolite",15,1,0.942,3,0.902,-38.3,"[M + H]+",NA,TRUE,"standard",234.11,362.116177809733,"[M+H]+","pos_inf_prog_10145_Female_73_267_R_A7.mzXML","pos_inf_prog_10145_Female_73_267_R_A7.mzXML","Unknown","MSV000092754",362.116903088,-2.00288431943681
"MSV000092754","metabolite",17,1,0.95,3,0.924,-25.4,"[M + H]+",NA,TRUE,"standard",196.435,362.116394811586,"[M+H]+","pos_inf_prog_7107_Male_58_267_R_A2.mzXML","pos_inf_prog_7107_Male_58_267_R_A2.mzXML","Unknown","MSV000092754",362.116903088,-1.40362520959737
"MSV000092754","metabolite",18,1,0.631,3,0.869,-61,"[M + H]+",NA,TRUE,"standard",247.245,362.11615372326,"[M+H]+","pos_inf_prog_7107_Male_58_267_R_A2.mzXML","pos_inf_prog_7107_Male_58_267_R_A2.mzXML","Unknown","MSV000092754",362.116903088,-2.06940005726884
"MSV000092754","metabolite",21,1,0.85,3,0.896,-35.5,"[M + H]+",NA,TRUE,"standard",232.766,362.116282901436,"[M+H]+","pos_inf_prog_7582_male_59_192_B_B5.mzXML","pos_inf_prog_7582_male_59_192_B_B5.mzXML","Unknown","MSV000092754",362.116903088,-1.71266946862628
"MSV000092754","metabolite",22,1,0.656,3,0.869,-69,"[M + H]+",NA,TRUE,"standard",243.093,362.116176299141,"[M+H]+","pos_inf_prog_7582_male_59_192_B_B5.mzXML","pos_inf_prog_7582_male_59_192_B_B5.mzXML","Unknown","MSV000092754",362.116903088,-2.00705587844296
"MSV000092754","metabolite",23,1,0.968,3,0.924,-29.3,"[M + H]+",NA,TRUE,"standard",192.937,362.116380659964,"[M+H]+","pos_uninf_non_7631_male_50_192_B_B8.mzXML","pos_uninf_non_7631_male_50_192_B_B8.mzXML","Unknown","MSV000092754",362.116903088,-1.44270546759206
"MSV000092754","metabolite",24,1,0.634,3,0.869,-72.9,"[M + H]+",NA,TRUE,"standard",244.961,362.116226737767,"[M+H]+","pos_uninf_non_7631_male_50_192_B_B8.mzXML","pos_uninf_non_7631_male_50_192_B_B8.mzXML","Unknown","MSV000092754",362.116903088,-1.8677676386424
"MSV000092754","metabolite",25,1,0.824,3,0.924,-26.2,"[M + H]+",NA,TRUE,"standard",185.638,362.116434405053,"[M+H]+","pos_uninf_non_7682_female_61_192_B_C3.mzXML","pos_uninf_non_7682_female_61_192_B_C3.mzXML","Unknown","MSV000092754",362.116903088,-1.29428630100782
"MSV000092754","metabolite",26,1,0.757,3,0.909,-40.8,"[M + H]+",NA,TRUE,"standard",201.11,362.116105935406,"[M+H]+","pos_uninf_non_7682_female_61_192_B_C3.mzXML","pos_uninf_non_7682_female_61_192_B_C3.mzXML","Unknown","MSV000092754",362.116903088,-2.20136808647757
"MSV000092754","metabolite",27,1,0.904,3,0.861,-74,"[M + H]+",NA,TRUE,"standard",241.606,362.116387338388,"[M+H]+","pos_uninf_non_7682_female_61_192_B_C3.mzXML","pos_uninf_non_7682_female_61_192_B_C3.mzXML","Unknown","MSV000092754",362.116903088,-1.42426273842059
"MSV000092754","metabolite",28,1,0.962,3,0.924,-29.3,"[M + H]+",NA,TRUE,"standard",187.123,362.116455455858,"[M+H]+","pos_uninf_non_8570_male_53_192_B_H5.mzXML","pos_uninf_non_8570_male_53_192_B_H5.mzXML","Unknown","MSV000092754",362.116903088,-1.236153679129
"MSV000092754","metabolite",29,1,0.907,3,0.902,-37,"[M + H]+",NA,TRUE,"standard",232.881,362.116286480795,"[M+H]+","pos_uninf_non_8570_male_53_192_B_H5.mzXML","pos_uninf_non_8570_male_53_192_B_H5.mzXML","Unknown","MSV000092754",362.116903088,-1.70278492873316
"MSV000092754","metabolite",30,1,0.872,3,0.861,-85.7,"[M + H]+",NA,TRUE,"standard",243.917,362.116412149301,"[M+H]+","pos_uninf_non_8570_male_53_192_B_H5.mzXML","pos_uninf_non_8570_male_53_192_B_H5.mzXML","Unknown","MSV000092754",362.116903088,-1.35574643105978
"MSV000092754","metabolite",11,2,0.301,3,0.932,-28.3,"[M + H]+",NA,TRUE,"standard",206.226,362.116051148578,"[M+H]+","pos_inf_non_8263_male_54_192_B_F9.mzXML","pos_inf_non_8263_male_54_192_B_F9.mzXML","Unknown","MSV000092754",362.116903088,-2.35266405619095
"MSV000092754","metabolite",16,2,0.381,3,0.869,-65.1,"[M + H]+",NA,TRUE,"standard",245.049,362.116287473066,"[M+H]+","pos_inf_prog_10145_Female_73_267_R_A7.mzXML","pos_inf_prog_10145_Female_73_267_R_A7.mzXML","Unknown","MSV000092754",362.116903088,-1.70004473353832
"MSV000092757","parent",1,1,0.971,1,0.992,-5.3,"[M + H]+","6-methoxy-2-[(4-methoxy-3,5-dimethylpyridin-2-yl)methanesulfinyl]-1H-1,3-benzodiazole",TRUE,"strict",212.683,346.121525998551,"[M+H]+","pos_NA_8990_NA_NA_193_G_B5.mzXML","pos_NA_8990_NA_NA_193_G_B5.mzXML","Unknown","MSV000092757",346.121988468,-1.33614582248613
"MSV000092757","parent",5,1,0.947,1,1,-5.1,"[M + H]+","6-methoxy-2-[(4-methoxy-3,5-dimethylpyridin-2-yl)methanesulfinyl]-1H-1,3-benzodiazole",TRUE,"strict",202.59,346.121317253714,"[M+H]+","pos_inf_non_7009_Female_64_267_R_B7.mzXML","pos_inf_non_7009_Female_64_267_R_B7.mzXML","Unknown","MSV000092757",346.121988468,-1.9392419677581
"MSV000092757","parent",6,1,0.986,1,0.984,-5.7,"[M + H]+","6-methoxy-2-[(4-methoxy-3,5-dimethylpyridin-2-yl)methanesulfinyl]-1H-1,3-benzodiazole",TRUE,"strict",208.984,346.121423776955,"[M+H]+","pos_inf_prog_10145_Female_73_267_R_A7.mzXML","pos_inf_prog_10145_Female_73_267_R_A7.mzXML","Unknown","MSV000092757",346.121988468,-1.63147983601069
"MSV000092757","parent",7,1,0.914,1,1,-4.5,"[M + H]+","6-methoxy-2-[(4-methoxy-3,5-dimethylpyridin-2-yl)methanesulfinyl]-1H-1,3-benzodiazole",TRUE,"strict",203.828,346.121531502532,"[M+H]+","pos_inf_prog_10272_Male_72_267_R_A10.mzXML","pos_inf_prog_10272_Male_72_267_R_A10.mzXML","Unknown","MSV000092757",346.121988468,-1.32024396955135
"MSV000092757","parent",8,1,0.92,1,0.984,-5.7,"[M + H]+","6-methoxy-2-[(4-methoxy-3,5-dimethylpyridin-2-yl)methanesulfinyl]-1H-1,3-benzodiazole",TRUE,"strict",213.131,346.12168259103,"[M+H]+","pos_inf_prog_7107_Male_58_267_R_A2.mzXML","pos_inf_prog_7107_Male_58_267_R_A2.mzXML","Unknown","MSV000092757",346.121988468,-0.883725912234443
"MSV000092757","metabolite",1,1,0.954,3,0.932,-25.5,"[M + H]+",NA,TRUE,"standard",195.855,362.116311580717,"[M+H]+","pos_NA_8990_NA_NA_193_G_B5.mzXML","pos_NA_8990_NA_NA_193_G_B5.mzXML","Unknown","MSV000092757",362.116903088,-1.63347051172308
"MSV000092757","metabolite",2,1,0.783,3,0.924,-30.6,"[M + H]+",NA,TRUE,"standard",200.486,362.116256651233,"[M+H]+","pos_QC_1.mzXML","pos_QC_1.mzXML","Unknown","MSV000092757",362.116903088,-1.78516043158047
"MSV000092757","metabolite",3,1,0.727,3,0.924,-31.5,"[M + H]+",NA,TRUE,"standard",187.746,362.116346804233,"[M+H]+","pos_QC_12.mzXML","pos_QC_12.mzXML","Unknown","MSV000092757",362.116903088,-1.53619939384671
"MSV000092757","metabolite",4,1,0.86,3,0.924,-29.7,"[M + H]+",NA,TRUE,"standard",197.985,362.116423950321,"[M+H]+","pos_QC_2.mzXML","pos_QC_2.mzXML","Unknown","MSV000092757",362.116903088,-1.32315745253033
"MSV000092757","metabolite",5,1,0.783,3,0.917,-29.7,"[M + H]+",NA,TRUE,"standard",197.357,362.116484127891,"[M+H]+","pos_QC_3.mzXML","pos_QC_3.mzXML","Unknown","MSV000092757",362.116903088,-1.15697473783565
"MSV000092757","metabolite",6,1,0.796,3,0.909,-33.2,"[M + H]+",NA,TRUE,"standard",196.4,362.116421744783,"[M+H]+","pos_QC_4.mzXML","pos_QC_4.mzXML","Unknown","MSV000092757",362.116903088,-1.32924813206281
"MSV000092757","metabolite",7,1,0.833,3,0.909,-33.4,"[M + H]+",NA,TRUE,"standard",195.455,362.11665798812,"[M+H]+","pos_QC_5.mzXML","pos_QC_5.mzXML","Unknown","MSV000092757",362.116903088,-0.676852911152774
"MSV000092757","metabolite",8,1,0.87,3,0.924,-29.4,"[M + H]+",NA,TRUE,"standard",193.635,362.11630138218,"[M+H]+","pos_QC_6.mzXML","pos_QC_6.mzXML","Unknown","MSV000092757",362.116903088,-1.66163417089967
"MSV000092757","metabolite",9,1,0.679,3,0.894,-38.2,"[M + H]+",NA,TRUE,"standard",194.225,362.116261715505,"[M+H]+","pos_QC_7.mzXML","pos_QC_7.mzXML","Unknown","MSV000092757",362.116903088,-1.77117524628466
"MSV000092757","metabolite",11,1,0.79,3,0.932,-30.6,"[M + H]+",NA,TRUE,"standard",196.325,362.1162260186,"[M+H]+","pos_inf_non_7906_male_75_192_B_D8.mzXML","pos_inf_non_7906_male_75_192_B_D8.mzXML","Unknown","MSV000092757",362.116903088,-1.86975364651206
"MSV000092757","metabolite",12,1,0.925,3,0.932,-25.2,"[M + H]+",NA,TRUE,"standard",194.764,362.116326959146,"[M+H]+","pos_inf_non_8263_male_54_192_B_F9.mzXML","pos_inf_non_8263_male_54_192_B_F9.mzXML","Unknown","MSV000092757",362.116903088,-1.59100237818209
"MSV000092757","metabolite",13,1,0.98,3,0.932,-26,"[M + H]+",NA,TRUE,"standard",191.28,362.116253029732,"[M+H]+","pos_inf_prog_10145_Female_73_267_R_A7.mzXML","pos_inf_prog_10145_Female_73_267_R_A7.mzXML","Unknown","MSV000092757",362.116903088,-1.79516134842791
"MSV000092757","metabolite",14,1,0.95,3,0.924,-25.4,"[M + H]+",NA,TRUE,"standard",196.435,362.116394811586,"[M+H]+","pos_inf_prog_7107_Male_58_267_R_A2.mzXML","pos_inf_prog_7107_Male_58_267_R_A2.mzXML","Unknown","MSV000092757",362.116903088,-1.40362520959737
"MSV000092757","metabolite",16,1,0.877,3,0.917,-33.1,"[M + H]+",NA,TRUE,"standard",203.559,362.116516113281,"[M+H]+","pos_start_QC_2.mzXML","pos_start_QC_2.mzXML","Unknown","MSV000092757",362.116903088,-1.06864583147715
"MSV000092757","metabolite",17,1,0.386,3,0.881,-45.6,"[M + H]+",NA,TRUE,"standard",203.835,362.11636160515,"[M+H]+","pos_start_QC_3.mzXML","pos_start_QC_3.mzXML","Unknown","MSV000092757",362.116903088,-1.49532608220988
"MSV000092757","metabolite",18,1,0.962,3,0.924,-25.7,"[M + H]+",NA,TRUE,"standard",202.558,362.116494550916,"[M+H]+","pos_start_QC_4.mzXML","pos_start_QC_4.mzXML","Unknown","MSV000092757",362.116903088,-1.12819114636503
"MSV000092757","metabolite",19,1,0.958,3,0.924,-26.8,"[M + H]+",NA,TRUE,"standard",201.778,362.116255144851,"[M+H]+","pos_start_QC_5.mzXML","pos_start_QC_5.mzXML","Unknown","MSV000092757",362.116903088,-1.78932036452306
"MSV000092757","metabolite",20,1,0.968,3,0.924,-29.3,"[M + H]+",NA,TRUE,"standard",192.937,362.116380659964,"[M+H]+","pos_uninf_non_7631_male_50_192_B_B8.mzXML","pos_uninf_non_7631_male_50_192_B_B8.mzXML","Unknown","MSV000092757",362.116903088,-1.44270546759206
"MSV000092757","metabolite",21,1,0.824,3,0.924,-26.2,"[M + H]+",NA,TRUE,"standard",185.638,362.116434405053,"[M+H]+","pos_uninf_non_7682_female_61_192_B_C3.mzXML","pos_uninf_non_7682_female_61_192_B_C3.mzXML","Unknown","MSV000092757",362.116903088,-1.29428630100782
"MSV000092757","metabolite",22,1,0.962,3,0.924,-29.3,"[M + H]+",NA,TRUE,"standard",187.123,362.116455455858,"[M+H]+","pos_uninf_non_8570_male_53_192_B_H5.mzXML","pos_uninf_non_8570_male_53_192_B_H5.mzXML","Unknown","MSV000092757",362.116903088,-1.236153679129
"MSV000094097","parent",1,1,0.893,1,0.967,-28.6,"[M + H]+","6-methoxy-2-[(4-methoxy-3,5-dimethylpyridin-2-yl)methanesulfinyl]-1H-1,3-benzodiazole",TRUE,"strict",214.056774,346.1222512219,"[M+H]+","VAOAD_010_Day15_P.mzML","VAOAD_010_Day15_P.mzML","RP","MSV000094097",346.121988468,0.759136688137858
"MSV000094097","metabolite",1,2,0.256,3,0.909,-31.9,"[M + H]+",NA,TRUE,"standard",198.145266,362.11756062027,"[M+H]+","OAD_007_Basal_P.mzML","OAD_007_Basal_P.mzML","RP","MSV000094097",362.116903088,1.81580109735316
"MSV000094097","metabolite",2,2,0.389,3,0.924,-34,"[M + H]+",NA,TRUE,"standard",197.793786,362.117479619232,"[M+H]+","OAD_007_Basal_S.mzML","OAD_007_Basal_S.mzML","RP","MSV000094097",362.116903088,1.59211356067704
"MTBLS11656","parent",2,1,0.859,1,0.92,-55.3,"[M + H]+","6-methoxy-2-[(4-methoxy-3,5-dimethylpyridin-2-yl)methanesulfinyl]-1H-1,3-benzodiazole",TRUE,"strict",545.164,346.1220703125,"[M+H]+","B-112.mzXML","B-112.mzXML","Unknown","a_MTBLS11656_LC-MS_negative_reverse-phase_metabolite_profiling.txt",346.121988468,0.236461429043032
"MTBLS11656","metabolite",2,2,0.183,3,0.924,-31.4,"[M + H]+",NA,TRUE,"standard",500.712,362.116882324219,"[M+H]+","B-119.mzXML","B-119.mzXML","Unknown","a_MTBLS11656_LC-MS_negative_reverse-phase_metabolite_profiling.txt",362.116903088,-0.057339993964911
"MTBLS1866","parent",3,1,0.984,1,0.96,-8.5,"[M + H]+","6-methoxy-2-[(4-methoxy-3,5-dimethylpyridin-2-yl)methanesulfinyl]-1H-1,3-benzodiazole",TRUE,"strict",85.186584,346.121950523926,"[M+H]+","129_p.mzML","129_p.mzML","RP","a_MTBLS1866_LC-MS_positive_reverse-phase_metabolite_profiling.txt",346.121988468,-0.109626303034863
"MTBLS1866","parent",4,1,0.96,1,0.984,-6.8,"[M + H]+","6-methoxy-2-[(4-methoxy-3,5-dimethylpyridin-2-yl)methanesulfinyl]-1H-1,3-benzodiazole",TRUE,"strict",88.347702,346.121815436672,"[M+H]+","47_p.mzML","47_p.mzML","RP","a_MTBLS1866_LC-MS_positive_reverse-phase_metabolite_profiling.txt",346.121988468,-0.499914289544965
"MTBLS1866","parent",5,1,0.953,1,0.984,-7.2,"[M + H]+","6-methoxy-2-[(4-methoxy-3,5-dimethylpyridin-2-yl)methanesulfinyl]-1H-1,3-benzodiazole",TRUE,"strict",89.91825,346.121856689453,"[M+H]+","63_p.mzML","63_p.mzML","RP","a_MTBLS1866_LC-MS_positive_reverse-phase_metabolite_profiling.txt",346.121988468,-0.380728619859154
"MTBLS1866","parent",8,1,0.751,1,0.984,-8.2,"[M + H]+","6-methoxy-2-[(4-methoxy-3,5-dimethylpyridin-2-yl)methanesulfinyl]-1H-1,3-benzodiazole",TRUE,"strict",89.897592,346.122252229338,"[M+H]+","DA21_p.mzML","DA21_p.mzML","RP","a_MTBLS1866_LC-MS_positive_reverse-phase_metabolite_profiling.txt",346.121988468,0.762047332503839
"MTBLS1866","parent",9,1,0.77,1,0.984,-10,"[M + H]+","6-methoxy-2-[(4-methoxy-3,5-dimethylpyridin-2-yl)methanesulfinyl]-1H-1,3-benzodiazole",TRUE,"strict",89.746206,346.121887207031,"[M+H]+","DA4_p.mzML","DA4_p.mzML","RP","a_MTBLS1866_LC-MS_positive_reverse-phase_metabolite_profiling.txt",346.121988468,-0.292558613248509
"MTBLS1866","parent",10,1,0.697,1,0.976,-11.7,"[M + H]+","6-methoxy-2-[(4-methoxy-3,5-dimethylpyridin-2-yl)methanesulfinyl]-1H-1,3-benzodiazole",TRUE,"strict",97.263972,346.122100830078,"[M+H]+","DA5_p.mzML","DA5_p.mzML","RP","a_MTBLS1866_LC-MS_positive_reverse-phase_metabolite_profiling.txt",346.121988468,0.324631435653677
"MTBLS1866","parent",11,1,0.786,1,0.992,-6.2,"[M + H]+","6-methoxy-2-[(4-methoxy-3,5-dimethylpyridin-2-yl)methanesulfinyl]-1H-1,3-benzodiazole",TRUE,"strict",97.281816,346.121903806451,"[M+H]+","DA7_p.mzML","DA7_p.mzML","RP","a_MTBLS1866_LC-MS_positive_reverse-phase_metabolite_profiling.txt",346.121988468,-0.244600319630549
"MTBLS1866","parent",12,1,0.847,1,0.976,-15.4,"[M + H]+","6-methoxy-2-[(4-methoxy-3,5-dimethylpyridin-2-yl)methanesulfinyl]-1H-1,3-benzodiazole",TRUE,"strict",88.070826,346.121917724609,"[M+H]+","DA8_p.mzML","DA8_p.mzML","RP","a_MTBLS1866_LC-MS_positive_reverse-phase_metabolite_profiling.txt",346.121988468,-0.204388606802093
"MTBLS1866","parent",13,1,0.805,1,0.96,-21.1,"[M + H]+","6-methoxy-2-[(4-methoxy-3,5-dimethylpyridin-2-yl)methanesulfinyl]-1H-1,3-benzodiazole",TRUE,"strict",86.689518,346.121948242188,"[M+H]+","DA9_p.mzML","DA9_p.mzML","RP","a_MTBLS1866_LC-MS_positive_reverse-phase_metabolite_profiling.txt",346.121988468,-0.116218597235318
"MTBLS1866","parent",15,1,0.925,1,0.984,-7.8,"[M + H]+","6-methoxy-2-[(4-methoxy-3,5-dimethylpyridin-2-yl)methanesulfinyl]-1H-1,3-benzodiazole",TRUE,"strict",87.41568,346.122009277344,"[M+H]+","RIA2_p.mzML","RIA2_p.mzML","RP","a_MTBLS1866_LC-MS_positive_reverse-phase_metabolite_profiling.txt",346.121988468,0.0601214158217423
"MTBLS1866","parent",21,1,0.877,1,0.976,-7.6,"[M + H]+","6-methoxy-2-[(4-methoxy-3,5-dimethylpyridin-2-yl)methanesulfinyl]-1H-1,3-benzodiazole",TRUE,"strict",85.107666,346.121842744095,"[M+H]+","DA44_p.mzML","DA44_p.mzML","RP","a_MTBLS1866_LC-MS_positive_reverse-phase_metabolite_profiling.txt",346.121988468,-0.421018917786444
"MTBLS1866","metabolite",2,1,0.921,3,0.89,-34.4,"[M + H]+",NA,TRUE,"standard",84.965712,362.116705308058,"[M+H]+","129_p.mzML","129_p.mzML","RP","a_MTBLS1866_LC-MS_positive_reverse-phase_metabolite_profiling.txt",362.116903088,-0.54617705039675
"MTBLS1866","metabolite",3,1,0.592,3,0.904,-33,"[M + H]+",NA,TRUE,"standard",85.716834,362.116760253906,"[M+H]+","DA5_p.mzML","DA5_p.mzML","RP","a_MTBLS1866_LC-MS_positive_reverse-phase_metabolite_profiling.txt",362.116903088,-0.394441940639525
"MTBLS1866","metabolite",1,2,0.301,3,0.904,-35,"[M + H]+",NA,TRUE,"standard",83.887284,362.116760253906,"[M+H]+","126_p.mzML","126_p.mzML","RP","a_MTBLS1866_LC-MS_positive_reverse-phase_metabolite_profiling.txt",362.116903088,-0.394441940639525
"ST002044","parent",11,1,0.553,1,0.967,-20.6,"[M + H]+","6-methoxy-2-[(4-methoxy-3,5-dimethylpyridin-2-yl)methanesulfinyl]-1H-1,3-benzodiazole",TRUE,"strict",37.36593676602,346.120758056641,"[M+H]+","D8_POS.mzML","D8_POS.mzML","HILIC","ST002044_AN003325.txt",346.121988468,-3.55484886818883
"ST002044","parent",26,1,0.874,1,0.984,-5.1,"[M + H]+","6-methoxy-2-[(4-methoxy-3,5-dimethylpyridin-2-yl)methanesulfinyl]-1H-1,3-benzodiazole",TRUE,"strict",509.46779143998,346.122406005859,"[M+H]+","D_134.mzML","D_134.mzML","HILIC","ST002044_AN003325.txt",346.121988468,1.20633150422357
"ST002044","parent",28,1,0.904,1,0.976,-6.7,"[M + H]+","6-methoxy-2-[(4-methoxy-3,5-dimethylpyridin-2-yl)methanesulfinyl]-1H-1,3-benzodiazole",TRUE,"strict",509.53773688002,346.121704101563,"[M+H]+","D_19.mzML","D_19.mzML","HILIC","ST002044_AN003325.txt",346.121988468,-0.82157865274815
"ST002044","parent",29,1,0.676,1,0.984,-5.7,"[M + H]+","6-methoxy-2-[(4-methoxy-3,5-dimethylpyridin-2-yl)methanesulfinyl]-1H-1,3-benzodiazole",TRUE,"strict",507.33395609598,346.122344970703,"[M+H]+","D_41.mzML","D_41.mzML","HILIC","ST002044_AN003325.txt",346.121988468,1.02999149116651
"ST002044","parent",30,1,0.559,1,0.984,-10.3,"[M + H]+","6-methoxy-2-[(4-methoxy-3,5-dimethylpyridin-2-yl)methanesulfinyl]-1H-1,3-benzodiazole",TRUE,"strict",514.93988700702,346.122222900391,"[M+H]+","D_55.mzML","D_55.mzML","HILIC","ST002044_AN003325.txt",346.121988468,0.677311464888158
"ST002044","parent",31,1,0.653,1,0.992,-4.7,"[M + H]+","6-methoxy-2-[(4-methoxy-3,5-dimethylpyridin-2-yl)methanesulfinyl]-1H-1,3-benzodiazole",TRUE,"strict",514.162789647,346.122467041016,"[M+H]+","D_82.mzML","D_82.mzML","HILIC","ST002044_AN003325.txt",346.121988468,1.38267152040099
"ST002044","parent",32,1,0.934,1,0.992,-5,"[M + H]+","6-methoxy-2-[(4-methoxy-3,5-dimethylpyridin-2-yl)methanesulfinyl]-1H-1,3-benzodiazole",TRUE,"strict",511.25764478202,346.121856689453,"[M+H]+","NHF_24.mzML","NHF_24.mzML","HILIC","ST002044_AN003325.txt",346.121988468,-0.380728619859154
"ST002044","parent",33,1,0.87,1,0.984,-5.4,"[M + H]+","6-methoxy-2-[(4-methoxy-3,5-dimethylpyridin-2-yl)methanesulfinyl]-1H-1,3-benzodiazole",TRUE,"strict",506.15549054202,346.122436523438,"[M+H]+","NHF_45.mzML","NHF_45.mzML","HILIC","ST002044_AN003325.txt",346.121988468,1.29450151379034
"ST002044","metabolite",1,1,0.878,3,0.924,-27.6,"[M + H]+",NA,TRUE,"standard",481.12697996802,362.117156982422,"[M+H]+","D_41.mzML","D_41.mzML","HILIC","ST002044_AN003325.txt",362.116903088,0.701139382913464
"ST002044","metabolite",3,1,0.64,3,0.924,-27.4,"[M + H]+",NA,TRUE,"standard",482.49899911998,362.117248535156,"[M+H]+","D_82.mzML","D_82.mzML","HILIC","ST002044_AN003325.txt",362.116903088,0.953965841035721
"ST002044","metabolite",4,1,0.948,3,0.932,-26.9,"[M + H]+",NA,TRUE,"standard",480.335824911,362.116943359375,"[M+H]+","NHF_24.mzML","NHF_24.mzML","HILIC","ST002044_AN003325.txt",362.116903088,0.111210978116593
"ST002044","metabolite",5,1,0.971,3,0.909,-32.4,"[M + H]+",NA,TRUE,"standard",482.75402454198,362.117095947266,"[M+H]+","NHF_45.mzML","NHF_45.mzML","HILIC","ST002044_AN003325.txt",362.116903088,0.532588410988935
"ST002722","parent",3,1,0.878,1,0.984,-11.1,"[M + H]+","6-methoxy-2-[(4-methoxy-3,5-dimethylpyridin-2-yl)methanesulfinyl]-1H-1,3-benzodiazole",TRUE,"strict",243.282,346.12197873,"[M+H]+","CIR59.mzXML","CIR59.mzXML","HILIC","ST002722_AN004413.txt",346.121988468,-0.0281345892044654
"ST002722","parent",4,1,0.981,1,0.976,-8.6,"[M + H]+","6-methoxy-2-[(4-methoxy-3,5-dimethylpyridin-2-yl)methanesulfinyl]-1H-1,3-benzodiazole",TRUE,"strict",326.524,346.12316603,"[M+H]+","CIR60.mzXML","CIR60.mzXML","HILIC","ST002722_AN004413.txt",346.121988468,3.40215888976459
"ST002722","metabolite",1,1,0.647,3,0.888,-44.2,"[M + H]+",NA,TRUE,"standard",339.855,362.11726968,"[M+H]+","CIR59.mzXML","CIR59.mzXML","HILIC","ST002722_AN004413.txt",362.116903088,1.01235815520184
"ST002722","metabolite",2,3,0.038,3,0.881,-49.3,"[M + H]+",NA,TRUE,"standard",337.435,362.11495224,"[M+H]+","CIR60.mzXML","CIR60.mzXML","HILIC","ST002722_AN004413.txt",362.116903088,-5.38734310218414
