"formulaId","molecularFormula","adduct","rank.x","siriusScoreNormalized","siriusScore","isotopeScore","treeScore","xcms_fts","inchiKey","smiles","structureName","xlogP","rank.y","csiScore","tanimotoSimilarity","mcesDistToTopHit","sirius_fts"
"844241944015418142","C17H19N3O3S","[M + Na]+",1,0.363840936411714,32.3951551552104,0,32.3951551552104,"1","SUBDBMMJDZJVOS","CC1=CN=C(C(=C1OC)C)CS(=O)C2=NC3=C(N2)C=C(C=C3)OC","6-methoxy-2-[(4-methoxy-3,5-dimethylpyridin-2-yl)methanesulfinyl]-1H-1,3-benzodiazole",2.6206226,1,-40.4036894335951,0.857142857142857,0,"844241918983811832"
"844241944015418142","C17H19N3O3S","[M + Na]+",1,0.363840936411714,32.3951551552104,0,32.3951551552104,"1","ZWNARYKSNTWUOM","C1CN(CN1CC2=CC=CC=C2)C(=O)C3=CC=C(C=C3)S(=O)(=O)N","4-[3-(Phenylmethyl)imidazolidin-1-yl]carbonylbenzenesulfonamide",1.3,3,-442.527651915909,0.13302752293578,NA,"844241918983811832"
"844241944015418142","C17H19N3O3S","[M + Na]+",1,0.363840936411714,32.3951551552104,0,32.3951551552104,"1","FDDLMBKEDYPNER","C1CN(CCN1CCC(=O)C2=CC=CS2)C3=CC=C(C=C3)[N+](=O)[O-]","3-[4-(4-Nitrophenyl)piperazino]-1-(2-thienyl)-1-propanone",3,4,-462.659876893192,0.132075471698113,NA,"844241918983811832"
"844241944015418142","C17H19N3O3S","[M + Na]+",1,0.363840936411714,32.3951551552104,0,32.3951551552104,"1","HVGVNYJRZJHYBS","CC1=CC(=C(C=C1)S(=O)(=O)NC2=CC3=C(C=C2)N(C(=O)N3C)C)C","N-(1,3-dimethyl-2-oxo-2,3-dihydro-1H-benzimidazol-5-yl)-2,4-dimethylbenzenesulfonamide",2.2,5,-489.905278247011,0.286516853932584,NA,"844241918983811832"
"844241944015418142","C17H19N3O3S","[M + Na]+",1,0.363840936411714,32.3951551552104,0,32.3951551552104,"1","SJXKOSOSNRUTAX","C1CN(CCN1CC2=CC=CO2)C(=S)NC3=CC4=C(C=C3)OCO4","N-(1,3-benzodioxol-5-yl)-4-(furan-2-ylmethyl)piperazin-4-ium-1-carbothioamide",1.9,10,-514.853670842207,0.222772277227723,NA,"844241918983811832"
"844241944015418142","C17H19N3O3S","[M + Na]+",1,0.363840936411714,32.3951551552104,0,32.3951551552104,"1","LJAVIEUWQYYONW","COC1=CC=C(C=C1)C2=NC(=NC=C2)SCC(=O)N3CCOCC3","2-[[4-(4-Methoxyphenyl)-2-pyrimidinyl]thio]-1-(4-morpholinyl)ethanone",1.8,11,-514.885255298187,0.306976744186047,NA,"844241918983811832"
"844241944015418142","C17H19N3O3S","[M + Na]+",1,0.363840936411714,32.3951551552104,0,32.3951551552104,"1","RHRSBTVNCCOGDJ","CC1=CC(=NC(=N1)SC(C2=CC=CC=C2)C(=O)O)N3CCOCC3","(2S)-2-(4-methyl-6-morpholin-4-ylpyrimidin-2-yl)sulfanyl-2-phenylacetate",2.8,16,-541.868723511351,0.214285714285714,NA,"844241918983811832"
"844241944015418142","C17H19N3O3S","[M + Na]+",1,0.363840936411714,32.3951551552104,0,32.3951551552104,"1","ABBDYGNALLZFNP","COC1=C(C=C(C=C1)C(=O)NNC(=S)NCC2=CC=CC=C2)OC","N-Benzyl-2-(3,4-dimethoxybenzoyl)hydrazinecarbothioamide",2.6,17,-551.203747771304,0.151515151515152,NA,"844241918983811832"
"844241944015418142","C17H19N3O3S","[M + Na]+",1,0.363840936411714,32.3951551552104,0,32.3951551552104,"1","KMCSXFINGGBOFP","C1CN(CC2=CC=CC=C21)CC(=O)NC3=CC=C(C=C3)S(=O)(=O)N","N-(4-sulfamoylphenyl)-2-(1,2,3,4-tetrahydroisoquinolin-2-yl)acetamide",1.3,19,-556.903870032012,0.122950819672131,NA,"844241918983811832"
"844241944015418142","C17H19N3O3S","[M + Na]+",1,0.363840936411714,32.3951551552104,0,32.3951551552104,"1","AIBMIQGSVBRQNH","COC1=CC(=CC(=C1OC)OC)C=NNC(=S)NC2=CC=CC=C2","(Phenylcarbamothioylamino)-[(3,4,5-trimethoxyphenyl)methylidene]azanium",3.1,20,-566.003797983111,0.173708920187793,NA,"844241918983811832"
"844241944015418142","C17H19N3O3S","[M + Na]+",1,0.363840936411714,32.3951551552104,0,32.3951551552104,"1","HHTWCWCZKQRKRJ","CN1C2=CC=CC=C2N(C3=CC=CC=C3S1(=O)=O)C(=O)CN(C)C","6-Methyl-6,11-dihydro-11-((N,N-dimethylamino)acetyl)dibenzo(c,f)-(1,2,5)-thiadiazepine 5,5-dioxide",1.7,21,-576.118244661613,0.182741116751269,NA,"844241918983811832"
"844241944015418142","C17H19N3O3S","[M + Na]+",1,0.363840936411714,32.3951551552104,0,32.3951551552104,"1","IBAYUWQIQGOLBX","CCOC1=C(C=CC(=C1)C=NNC(=S)NC2=CC=C(C=C2)OC)O","1-[(3-Ethoxy-4-hydroxyphenyl)methylideneamino]-3-(4-methoxyphenyl)thiourea",3.1,22,-577.467851030547,0.226130653266332,NA,"844241918983811832"
"844241944015418142","C17H19N3O3S","[M + Na]+",1,0.363840936411714,32.3951551552104,0,32.3951551552104,"1","RSMGOJOYNVIKHB","COC1=C(C(=C(C=C1)C=NNC(=S)NC2=CC=CC=C2)OC)OC","1-Phenyl-3-[(2,3,4-trimethoxyphenyl)methylideneamino]thiourea",3.1,23,-590.286428066721,0.192307692307692,NA,"844241918983811832"
"844241944015418142","C17H19N3O3S","[M + Na]+",1,0.363840936411714,32.3951551552104,0,32.3951551552104,"1","YPHDMWLZRDJBET","CC(=O)N1CCC2=CC=CC=C2C1C3=C(N(C(=S)N(C3=O)C)C)O","5-(2-acetyl-1,2,3,4-tetrahydroisoquinolin-1-yl)-6-hydroxy-1,3-dimethyl-2-sulfanylidene-1,2,3,4-tetrahydropyrimidin-4-one",0.9,24,-592.033266937237,0.184210526315789,NA,"844241918983811832"
"844241944015418142","C17H19N3O3S","[M + Na]+",1,0.363840936411714,32.3951551552104,0,32.3951551552104,"1","YSNOZZZDWRAZSF","CCOC1=CC=CC=C1C2=NN=C(S2)NC3=C(CCCC3)C(=O)O","1-Cyclohexene-1-carboxylic acid, 2-((5-(2-ethoxyphenyl)-1,3,4-thiadiazol-2-yl)amino)-",4.1,25,-627.823644451095,0.227488151658768,NA,"844241918983811832"
"844241944015418143","C15H13F2N7O","[M + Na]+",2,0.337760380813434,32.3207750825275,3.44124507906196,28.8795300034656,"1",NA,NA,NA,NA,NA,NA,NA,NA,"844241918983811832"
"844241944015418144","C12H14F3N7O2","[M + Na]+",3,0.0815815740876503,30.9000417996829,3.00355297323582,27.8964888264471,"1",NA,NA,NA,NA,NA,NA,NA,NA,"844241918983811832"
"844241944015418145","C9H15N9O6","[M + Na]+",4,0.0569686132976939,30.5409388432351,1.8333210782823,28.7076177649528,"1",NA,NA,NA,NA,NA,NA,NA,NA,"844241918983811832"
"844241944015418146","C14H20FN3O4S","[M + Na]+",5,0.0388467873412984,30.1580637504373,0.0288705614423406,30.129193188995,"1",NA,NA,NA,NA,NA,NA,NA,NA,"844241918983811832"
"844241944015418147","C14H17F2N3O5","[M + Na]+",6,0.0353877345194464,30.0648036485599,3.30147551162915,26.7633281369308,"1",NA,NA,NA,NA,NA,NA,NA,NA,"844241918983811832"
"844241944015418148","C13H20BClN2O6","[M + Na]+",7,0.023639378112305,29.6613522565664,0,29.6613522565664,"1","RJXOEUFRQATKAB","[B-](C(CC1=CC=C(C=C1)Cl)NC(=O)C)(O)(O)OCC(C(=O)O)N","[(1R)-1-acetamido-2-(4-chlorophenyl)ethyl]-[(2S)-2-amino-3-hydroxy-3-oxo-propoxy]-dihydroxy-boron",0.87474024,2,-294.411354697319,0.290123456790123,Inf,"844241918983811832"
"844241944015418149","C11H18F3N3O6","[M + Na]+",8,0.0221601495482468,29.596733981384,2.54964758990433,27.0470863914797,"1",NA,NA,NA,NA,NA,NA,NA,NA,"844241918983811832"
"844241944015418150","C14H17F6NO2","[M + Na]+",9,0.0166795901975631,29.312624199098,2.76739052636803,26.54523367273,"1",NA,NA,NA,NA,NA,NA,NA,NA,"844241918983811832"
"844241944015418151","C19H20ClNO3","[M + Na]+",10,0.0084659407399061,28.63448951326,0,28.63448951326,"1","QTSWHDYFLYGYLQ","CC1=C(C(=CC=C1)C)N(CCCC(=O)O)C(=O)C2=CC=CC=C2Cl","BUTYRIC ACID, 4-(o-CHLORO-N-2,6-XYLYLBENZAMIDO)-",4.2,6,-495.955042943777,0.276073619631902,NA,"844241918983811832"
"844241944015418151","C19H20ClNO3","[M + Na]+",10,0.0084659407399061,28.63448951326,0,28.63448951326,"1","KHIAPCKDMQGBOL","CC(=O)N1CCC2=CC(=C(C=C2C1C3=CC=C(C=C3)Cl)OC)OC","1-[1-(4-chlorophenyl)-6,7-dimethoxy-1,2,3,4-tetrahydroisoquinolin-2-yl]ethan-1-one",3.5,7,-498.233962537663,0.233333333333333,NA,"844241918983811832"
"844241944015418151","C19H20ClNO3","[M + Na]+",10,0.0084659407399061,28.63448951326,0,28.63448951326,"1","SHODAIZAJAKWNR","CC1C2=CC(=C(C=C2CCN1C(=O)C3=CC=CC=C3Cl)OC)OC","2-(2-chlorobenzoyl)-6,7-dimethoxy-1-methyl-1,2,3,4-tetrahydroisoquinoline",3.9,8,-501.987870826873,0.223255813953488,NA,"844241918983811832"
"844241944015418151","C19H20ClNO3","[M + Na]+",10,0.0084659407399061,28.63448951326,0,28.63448951326,"1","QMDZLRHECGUUPL","COCC1CN(C(=O)O1)C2=CC=C(C=C2)CCC3=CC(=CC=C3)Cl","3-(4-(2-(3-Chlorophenyl)ethyl)phenyl)-5-(methoxymethyl)-2-oxazolidinone",4.2,9,-506.451309204689,0.30379746835443,NA,"844241918983811832"
"844241944015418151","C19H20ClNO3","[M + Na]+",10,0.0084659407399061,28.63448951326,0,28.63448951326,"1","SOHXCFMYNTWRCV","C1CC2=C(C1)C=C(C=C2)OC(=O)C3=NC=C(C=C3)OCCCCCl","Picolinic acid, 5-(4-chlorobutoxy)-, 5-indanyl ester",4.7,12,-517.717770298896,0.268292682926829,NA,"844241918983811832"
"844241944015418151","C19H20ClNO3","[M + Na]+",10,0.0084659407399061,28.63448951326,0,28.63448951326,"1","BWWOPVHQIVCIES","CC1C(C2=C(O1)C=C(OC2=O)C(=CC=CC3=C(C=CN3)Cl)C)(C)C","Malbranpyrrole F",4.8,13,-521.032390219251,0.268456375838926,NA,"844241918983811832"
"844241944015418151","C19H20ClNO3","[M + Na]+",10,0.0084659407399061,28.63448951326,0,28.63448951326,"1","ASWJCLIMSXGCQS","CC(=O)N1CCC2=CC(=C(C=C2C1C3=CC=CC=C3Cl)OC)OC","1-[1-(2-chlorophenyl)-6,7-dimethoxy-1,2,3,4-tetrahydroisoquinolin-2-yl]ethan-1-one",3.5,14,-533.924122221303,0.240384615384615,NA,"844241918983811832"
"844241944015418151","C19H20ClNO3","[M + Na]+",10,0.0084659407399061,28.63448951326,0,28.63448951326,"1","VDHWYWSLUYRNGE","C=CCN1CCC2=C(C(=C(C=C2C(C1)C3=CC=C(C=C3)O)O)O)Cl","1H-3-Benzazepine-7,8-diol, 6-chloro-2,3,4,5-tetrahydro-1-(4-hydroxyphenyl)-3-(2-propenyl)-",3.7613673,15,-538.825308041012,0.230769230769231,NA,"844241918983811832"
"844241944015418151","C19H20ClNO3","[M + Na]+",10,0.0084659407399061,28.63448951326,0,28.63448951326,"1","QRPNRXDOWMDNDM","CC1=C(C(=CC=C1)C)N(CCCC(=O)O)C(=O)C2=CC=C(C=C2)Cl","BUTYRIC ACID, 4-(p-CHLORO-N-2,6-XYLYLBENZAMIDO)-",4.708626,18,-556.118380063622,0.269461077844311,NA,"844241918983811832"
"844241944015418151","C19H20ClNO3","[M + Na]+",10,0.0084659407399061,28.63448951326,0,28.63448951326,"1","JCKYHCGTBXZTSB","CN1C2CCC1CC(C2)OC(=O)C3=CC=C(O3)C4=CC=C(C=C4)Cl","1-alpha-H,5-alpha-H-Tropan-3-alpha-ol, 5-(p-chlorophenyl)-2-furoate",4.7,30,-739.630783680426,0.268156424581006,NA,"844241918983811832"
"844241940219573002","C14H16F3N4O3","[M + H]+",1,0.877013411639019,41.8390690151217,1.77611227919571,40.062956735926,"2",NA,NA,NA,NA,NA,NA,NA,NA,"844241919105446649"
"844241940219573003","C14H17F2N3O5","[M + H]+",2,0.0428002558177352,38.8190908098534,2.38982098925981,36.4292698205936,"2",NA,NA,NA,NA,NA,NA,NA,NA,"844241919105446649"
"844241940219573004","C17H16FN3O4","[M + H]+",3,0.0396839633673341,38.7434938909116,2.29124139334832,36.4522524975633,"2","FVCPNISTSVVUPX","COC1=CC(=C(C=C1)O)C=NNC(=O)CNC(=O)C2=CC=C(C=C2)F","4-fluoro-N-[2-[(2Z)-2-[(2-hydroxy-5-methoxyphenyl)methylidene]hydrazinyl]-2-oxoethyl]benzamide",1.9,1,-310.079553994686,0.255813953488372,0,"844241919105446649"
"844241940219573004","C17H16FN3O4","[M + H]+",3,0.0396839633673341,38.7434938909116,2.29124139334832,36.4522524975633,"2","HAZCGTFRKOCWQZ","CC(=O)NC(CC1=CC=C(C=C1)F)C(=O)NC2=CC=C(C=C2)[N+](=O)[O-]","2-Acetamido-3-(4-fluorophenyl)-N-(4-nitrophenyl)propanamide (3c)",2.7804983,2,-358.768059939374,0.198924731182796,Inf,"844241919105446649"
"844241940219573004","C17H16FN3O4","[M + H]+",3,0.0396839633673341,38.7434938909116,2.29124139334832,36.4522524975633,"2","ZBLZEVQPDZRXNP","COC1=CC=CC(=C1O)C=NNC(=O)CNC(=O)C2=CC=C(C=C2)F","4-fluoro-N-[2-[2-[(2-hydroxy-3-methoxyphenyl)methylidene]hydrazinyl]-2-oxoethyl]benzamide",1.9,3,-365.892333516703,0.244318181818182,NA,"844241919105446649"
"844241940219573004","C17H16FN3O4","[M + H]+",3,0.0396839633673341,38.7434938909116,2.29124139334832,36.4522524975633,"2","RYUXKVAKPFRBTB","CC(=O)NC(CC1=CC=CC=C1F)C(=O)NC2=CC=C(C=C2)[N+](=O)[O-]","2-Acetamido-3-(2-fluorophenyl)-N-(4-nitrophenyl)propanamide (1c)",2.4,4,-373.869655446269,0.201117318435754,NA,"844241919105446649"
"844241940219573004","C17H16FN3O4","[M + H]+",3,0.0396839633673341,38.7434938909116,2.29124139334832,36.4522524975633,"2","LHZAPCAVMNVKID","CCOC1=C(C=CC(=C1)C=NNC(=O)C(=O)NC2=CC=C(C=C2)F)O","N'-[(3-ethoxy-4-hydroxyphenyl)methylideneamino]-N-(4-fluorophenyl)oxamide",2.5,5,-379.877187440138,0.278787878787879,NA,"844241919105446649"
"844241940219573004","C17H16FN3O4","[M + H]+",3,0.0396839633673341,38.7434938909116,2.29124139334832,36.4522524975633,"2","JKZPDGNJAAVKEG","CC(=O)NC(CC1=CC(=CC=C1)F)C(=O)NC2=CC=C(C=C2)[N+](=O)[O-]","2-Acetamido-3-(3-fluorophenyl)-N-(4-nitrophenyl)propanamide (2c)",2.4,6,-384.55858595096,0.205555555555556,NA,"844241919105446649"
"844241940219573004","C17H16FN3O4","[M + H]+",3,0.0396839633673341,38.7434938909116,2.29124139334832,36.4522524975633,"2","VDCWENWOWUDREX","CC1=CC(=NO1)C(=O)N2CCC3COC(=O)N3C4=C(C2)C=CC(=C4)F","14-fluoro-9-(5-methyl-1,2-oxazole-3-carbonyl)-4-oxa-2,9-diazatricyclo[9.4.0.0²,⁶]pentadeca-1(15),11,13-trien-3-one",1.9,7,-402.486791846878,0.323529411764706,NA,"844241919105446649"
"844241940219573004","C17H16FN3O4","[M + H]+",3,0.0396839633673341,38.7434938909116,2.29124139334832,36.4522524975633,"2","VCWNLVLFIZZTLZ","C1C2C(CN1C(=O)C3=CC=NO3)OCC(=O)N2CC4=CC=C(C=C4)F","4-[(4-fluorophenyl)methyl]-6-(1,2-oxazole-5-carbonyl)-octahydropyrrolo[3,4-b][1,4]oxazin-3-one",0.8,8,-422.621142697057,0.260869565217391,NA,"844241919105446649"
"844241940219573004","C17H16FN3O4","[M + H]+",3,0.0396839633673341,38.7434938909116,2.29124139334832,36.4522524975633,"2","NWVXUXFCAZFSQH","C1CN(CCN1)C2=C(C=C3C(=C2)N(C=C(C3=O)C(=O)O)C4CC4=O)F","Oxo-ciprofloxacin",0.33245212,9,-453.347017565616,0.327777777777778,NA,"844241919105446649"
"844241940219573004","C17H16FN3O4","[M + H]+",3,0.0396839633673341,38.7434938909116,2.29124139334832,36.4522524975633,"2","MYYZZOHRULFPOQ","C1CC1N2C=C(C(=O)C3=CC(=C(C=C32)N4CCNC(=O)C4)F)C(=O)O","Oxociprofloxacin",0.96316284,10,-482.915785899806,0.307291666666667,NA,"844241919105446649"
"844241940219573005","C11H18F3N3O6","[M + H]+",4,0.0272012971914064,38.3658113932589,0.737600349475236,37.6282110437837,"2",NA,NA,NA,NA,NA,NA,NA,NA,"844241919105446649"
"844241940219573006","C12H14F3N7O2","[M + H]+",5,0.00772418282208579,37.1069027638732,1.91613269038302,35.1907700734901,"2",NA,NA,NA,NA,NA,NA,NA,NA,"844241919105446649"
"844241940219573007","C9H15N9O6","[M + H]+",6,0.00321869575208283,36.2315229617996,0,36.2315229617996,"2",NA,NA,NA,NA,NA,NA,NA,NA,"844241919105446649"
"844241940219573008","C15H13F2N7O","[M + H]+",7,0.00190629789605605,35.7077098170914,3.23960684152224,32.4681029755692,"2",NA,NA,NA,NA,NA,NA,NA,NA,"844241919105446649"
"844241940219573009","C12H22F2NO6P","[M + H]+",8,0.000249919469884557,33.67593019676,1.21088591526924,32.4650442814908,"2",NA,NA,NA,NA,NA,NA,NA,NA,"844241919105446649"
"844241940219573010","C9H15F4N7O3","[M + H]+",9,7.57151566381919e-05,32.4817698114447,0,32.4817698114447,"2",NA,NA,NA,NA,NA,NA,NA,NA,"844241919105446649"
"844241940219573011","C11H17N6O7","[M + H]+",10,3.26134136837393e-05,31.6395151176879,1.26502789257416,30.3744872251138,"2",NA,NA,NA,NA,NA,NA,NA,NA,"844241919105446649"
"844241939137442560","C14H16F3N4O3","[M + H]+",1,0.909272267224939,41.9682383092264,1.91242734274077,40.0558109664856,"3",NA,NA,NA,NA,NA,NA,NA,NA,"844241919130612474"
"844241939137442561","C17H16FN3O4","[M + H]+",2,0.0665912351151096,39.3541667000049,2.4627295725222,36.8914371274827,"3","FVCPNISTSVVUPX","COC1=CC(=C(C=C1)O)C=NNC(=O)CNC(=O)C2=CC=C(C=C2)F","4-fluoro-N-[2-[(2Z)-2-[(2-hydroxy-5-methoxyphenyl)methylidene]hydrazinyl]-2-oxoethyl]benzamide",1.9,1,-320.075604915889,0.266666666666667,0,"844241919130612474"
"844241939137442561","C17H16FN3O4","[M + H]+",2,0.0665912351151096,39.3541667000049,2.4627295725222,36.8914371274827,"3","ZBLZEVQPDZRXNP","COC1=CC=CC(=C1O)C=NNC(=O)CNC(=O)C2=CC=C(C=C2)F","4-fluoro-N-[2-[2-[(2-hydroxy-3-methoxyphenyl)methylidene]hydrazinyl]-2-oxoethyl]benzamide",1.9,2,-362.502381270654,0.254437869822485,2,"844241919130612474"
"844241939137442561","C17H16FN3O4","[M + H]+",2,0.0665912351151096,39.3541667000049,2.4627295725222,36.8914371274827,"3","HAZCGTFRKOCWQZ","CC(=O)NC(CC1=CC=C(C=C1)F)C(=O)NC2=CC=C(C=C2)[N+](=O)[O-]","2-Acetamido-3-(4-fluorophenyl)-N-(4-nitrophenyl)propanamide (3c)",2.7804983,3,-378.246062693852,0.206703910614525,Inf,"844241919130612474"
"844241939137442561","C17H16FN3O4","[M + H]+",2,0.0665912351151096,39.3541667000049,2.4627295725222,36.8914371274827,"3","RYUXKVAKPFRBTB","CC(=O)NC(CC1=CC=CC=C1F)C(=O)NC2=CC=C(C=C2)[N+](=O)[O-]","2-Acetamido-3-(2-fluorophenyl)-N-(4-nitrophenyl)propanamide (1c)",2.4,4,-392.075058314671,0.209302325581395,NA,"844241919130612474"
"844241939137442561","C17H16FN3O4","[M + H]+",2,0.0665912351151096,39.3541667000049,2.4627295725222,36.8914371274827,"3","LHZAPCAVMNVKID","CCOC1=C(C=CC(=C1)C=NNC(=O)C(=O)NC2=CC=C(C=C2)F)O","N'-[(3-ethoxy-4-hydroxyphenyl)methylideneamino]-N-(4-fluorophenyl)oxamide",2.5,5,-401.708193023792,0.291139240506329,NA,"844241919130612474"
"844241939137442561","C17H16FN3O4","[M + H]+",2,0.0665912351151096,39.3541667000049,2.4627295725222,36.8914371274827,"3","JKZPDGNJAAVKEG","CC(=O)NC(CC1=CC(=CC=C1)F)C(=O)NC2=CC=C(C=C2)[N+](=O)[O-]","2-Acetamido-3-(3-fluorophenyl)-N-(4-nitrophenyl)propanamide (2c)",2.4,6,-411.384277659692,0.213872832369942,NA,"844241919130612474"
"844241939137442561","C17H16FN3O4","[M + H]+",2,0.0665912351151096,39.3541667000049,2.4627295725222,36.8914371274827,"3","VDCWENWOWUDREX","CC1=CC(=NO1)C(=O)N2CCC3COC(=O)N3C4=C(C2)C=CC(=C4)F","14-fluoro-9-(5-methyl-1,2-oxazole-3-carbonyl)-4-oxa-2,9-diazatricyclo[9.4.0.0²,⁶]pentadeca-1(15),11,13-trien-3-one",1.9,7,-433.147571379757,0.321212121212121,NA,"844241919130612474"
"844241939137442561","C17H16FN3O4","[M + H]+",2,0.0665912351151096,39.3541667000049,2.4627295725222,36.8914371274827,"3","VCWNLVLFIZZTLZ","C1C2C(CN1C(=O)C3=CC=NO3)OCC(=O)N2CC4=CC=C(C=C4)F","4-[(4-fluorophenyl)methyl]-6-(1,2-oxazole-5-carbonyl)-octahydropyrrolo[3,4-b][1,4]oxazin-3-one",0.8,8,-468.206988314438,0.264044943820225,NA,"844241919130612474"
"844241939137442561","C17H16FN3O4","[M + H]+",2,0.0665912351151096,39.3541667000049,2.4627295725222,36.8914371274827,"3","NWVXUXFCAZFSQH","C1CN(CCN1)C2=C(C=C3C(=C2)N(C=C(C3=O)C(=O)O)C4CC4=O)F","Oxo-ciprofloxacin",0.33245212,9,-502.028124586575,0.325714285714286,NA,"844241919130612474"
"844241939137442561","C17H16FN3O4","[M + H]+",2,0.0665912351151096,39.3541667000049,2.4627295725222,36.8914371274827,"3","MYYZZOHRULFPOQ","C1CC1N2C=C(C(=O)C3=CC(=C(C=C32)N4CCNC(=O)C4)F)C(=O)O","Oxociprofloxacin",0.96316284,10,-524.474481935483,0.304812834224599,NA,"844241919130612474"
"844241939137442562","C14H17F2N3O5","[M + H]+",3,0.0120260679698688,37.6426703605088,2.67512120050826,34.9675491600005,"3",NA,NA,NA,NA,NA,NA,NA,NA,"844241919130612474"
"844241939137442563","C11H18F3N3O6","[M + H]+",4,0.00874095021569762,37.3236126400868,1.12228044796984,36.201332192117,"3",NA,NA,NA,NA,NA,NA,NA,NA,"844241919130612474"
"844241939137442564","C15H13F2N7O","[M + H]+",5,0.00126218440227997,35.3884376085229,3.41644404163571,31.9719935668872,"3",NA,NA,NA,NA,NA,NA,NA,NA,"844241919130612474"
"844241939137442565","C12H14F3N7O2","[M + H]+",6,0.00104028835814075,35.1950916781622,2.13056942740384,33.0645222507584,"3",NA,NA,NA,NA,NA,NA,NA,NA,"844241919130612474"
"844241939137442566","C9H15N9O6","[M + H]+",7,0.000858138169218638,35.0026035799237,0.131801859901619,34.870801720022,"3",NA,NA,NA,NA,NA,NA,NA,NA,"844241919130612474"
"844241939137442567","C9H15F4N7O3","[M + H]+",8,7.95112667520675e-05,32.623737188786,0,32.623737188786,"3",NA,NA,NA,NA,NA,NA,NA,NA,"844241919130612474"
"844241939137442568","C12H22F2NO6P","[M + H]+",9,7.47076273162724e-05,32.5614206499158,1.43309455288546,31.1283260970303,"3",NA,NA,NA,NA,NA,NA,NA,NA,"844241919130612474"
"844241939137442569","C19H17F2NO3","[M + H]+",10,2.08387192339113e-05,31.2846512149059,1.841808331536,29.4428428833699,"3",NA,NA,NA,NA,NA,NA,NA,NA,"844241919130612474"
"844241942216061716","C17H16FN3O4","[M + Na]+",1,0.977785547425461,51.861968844833,2.37786846650521,49.4841003783278,"4","HUACEUAGDOKFRA","CC1=C(C=C(C=C1)F)NC(=O)CNC(=O)C2=CC(=C(C=C2)C)[N+](=O)[O-]","N-[2-(5-fluoro-2-methylanilino)-2-oxoethyl]-4-methyl-3-nitrobenzamide",2.8,6,-206.139621510831,0.357142857142857,NA,"844241919147389691"
"844241942216061716","C17H16FN3O4","[M + Na]+",1,0.977785547425461,51.861968844833,2.37786846650521,49.4841003783278,"4","OLVHFTHXMQGFTJ","CC1=CC(=C(C=C1)NC(=O)C2=C(C=CC(=C2)[N+](=O)[O-])NC(=O)CF)C","N-(2,4-Dimethylphenyl)-2-(2-fluoroacetamido)-5-nitrobenzamide",3.4,9,-213.737646451382,0.328358208955224,NA,"844241919147389691"
"844241942216061716","C17H16FN3O4","[M + Na]+",1,0.977785547425461,51.861968844833,2.37786846650521,49.4841003783278,"4","UCSFQLGHANDYFD","CC1=C(C(=CC=C1)NC(=O)C2=C(C=CC(=C2)[N+](=O)[O-])NC(=O)CF)C","N-(2-fluoroacetamido-5-nitrobenzoyl)-2,3-dimethylaniline",3.4,10,-215.815222570629,0.330827067669173,NA,"844241919147389691"
"844241942216061716","C17H16FN3O4","[M + Na]+",1,0.977785547425461,51.861968844833,2.37786846650521,49.4841003783278,"4","QYNPWALTDKXKLX","CC1=CC(=CC(=C1[N+](=O)[O-])C(=O)NC(C)C(=O)NC2=CC=CC=C2)F","N-(1-anilino-1-oxopropan-2-yl)-5-fluoro-3-methyl-2-nitrobenzamide",2.8,15,-229.183825251786,0.326797385620915,NA,"844241919147389691"
"844241942216061716","C17H16FN3O4","[M + Na]+",1,0.977785547425461,51.861968844833,2.37786846650521,49.4841003783278,"4","OLGRGLVWJMRIAY","CC(C)C(=O)NC1=CC=CC(=C1)NC(=O)C2=C(C=C(C=C2)[N+](=O)[O-])F","2-fluoro-N-[3-(2-methylpropanoylamino)phenyl]-4-nitrobenzamide",2.9,16,-236.414037906539,0.307142857142857,NA,"844241919147389691"
"844241942216061716","C17H16FN3O4","[M + Na]+",1,0.977785547425461,51.861968844833,2.37786846650521,49.4841003783278,"4","DYHUYECVADCOMH","CC1=C(C=C(C=C1)C(=O)NCCNC(=O)C2=CC(=CC=C2)[N+](=O)[O-])F","3-fluoro-4-methyl-N-[2-[(3-nitrobenzoyl)amino]ethyl]benzamide",2.5,17,-238.454782244302,0.312056737588652,NA,"844241919147389691"
"844241942216061716","C17H16FN3O4","[M + Na]+",1,0.977785547425461,51.861968844833,2.37786846650521,49.4841003783278,"4","DCTUUADCMJABML","CC1=C(C=C(C=C1)C(=O)NCCNC(=O)C2=CC=CC=C2[N+](=O)[O-])F","3-fluoro-4-methyl-N-[2-[(2-nitrobenzoyl)amino]ethyl]benzamide",2.5,20,-244.440169945636,0.338028169014085,NA,"844241919147389691"
"844241942216061716","C17H16FN3O4","[M + Na]+",1,0.977785547425461,51.861968844833,2.37786846650521,49.4841003783278,"4","UNYACWKKYGKRRP","COC1=CC(=C(C=C1)NC(=O)CN2C3=C(C=C(C=C3)F)NC2=O)OC","N-(2,4-dimethoxyphenyl)-2-(5-fluoro-2-oxo-3H-benzimidazol-1-yl)acetamide",1.7,21,-246.797113978572,0.496551724137931,NA,"844241919147389691"
"844241942216061716","C17H16FN3O4","[M + Na]+",1,0.977785547425461,51.861968844833,2.37786846650521,49.4841003783278,"4","YIHYJONXLYSNCC","CC1=C(C=C(C=C1)C(=O)NCC(=O)NC2=CC(=C(C=C2)F)[N+](=O)[O-])C","N-[2-(4-fluoro-3-nitroanilino)-2-oxoethyl]-3,4-dimethylbenzamide",2.8,22,-249.792519636764,0.346938775510204,NA,"844241919147389691"
"844241942216061716","C17H16FN3O4","[M + Na]+",1,0.977785547425461,51.861968844833,2.37786846650521,49.4841003783278,"4","JYGCCMHOHMOCHN","COC1=CC(=C(C=C1)OC)NC(=O)CN2C3=C(C=C(C=C3)F)NC2=O","N-(2,5-dimethoxyphenyl)-2-(5-fluoro-2-oxo-3H-benzimidazol-1-yl)acetamide",1.7,23,-251.003165515015,0.548872180451128,NA,"844241919147389691"
"844241942216061716","C17H16FN3O4","[M + Na]+",1,0.977785547425461,51.861968844833,2.37786846650521,49.4841003783278,"4","YASSMSJATLHPPW","CC(C)C(=O)NC1=CC=CC(=C1)C(=O)NC2=CC(=C(C=C2)F)[N+](=O)[O-]","N-(4-fluoro-3-nitrophenyl)-3-[(2-methylpropanoyl)amino]benzamide",2.9,27,-255.262623775414,0.323529411764706,NA,"844241919147389691"
"844241942216061716","C17H16FN3O4","[M + Na]+",1,0.977785547425461,51.861968844833,2.37786846650521,49.4841003783278,"4","SAZZUFVVOUIRBD","CC1=C(C=C(C=C1)C(=O)NCCNC(=O)C2=CC=C(C=C2)[N+](=O)[O-])F","3-fluoro-4-methyl-N-[2-[(4-nitrobenzoyl)amino]ethyl]benzamide",2.5,29,-257.791503195711,0.309859154929577,NA,"844241919147389691"
"844241942216061716","C17H16FN3O4","[M + Na]+",1,0.977785547425461,51.861968844833,2.37786846650521,49.4841003783278,"4","DVXYGTHIZAYIDG","CC1=C(C=C(C=C1)C(=O)N(CC(=O)NC)C2=CC(=CC=C2)F)[N+](=O)[O-]","N-(3-fluorophenyl)-4-methyl-N-[2-(methylamino)-2-oxoethyl]-3-nitrobenzamide",2.6,31,-257.953236075205,0.324503311258278,NA,"844241919147389691"
"844241942216061716","C17H16FN3O4","[M + Na]+",1,0.977785547425461,51.861968844833,2.37786846650521,49.4841003783278,"4","XHISAGHWKCZCRD","CCC1=CC(=CC=C1)NC(=O)CNC(=O)C2=C(C=C(C=C2)F)[N+](=O)[O-]","N-[2-(3-ethylanilino)-2-oxoethyl]-4-fluoro-2-nitrobenzamide",2.8,32,-262.264236529409,0.36551724137931,NA,"844241919147389691"
"844241942216061716","C17H16FN3O4","[M + Na]+",1,0.977785547425461,51.861968844833,2.37786846650521,49.4841003783278,"4","GBHNHWZPBQGMDV","CC(=O)NC1=CC(=C(C=C1)F)NC(=O)C2=CC=CC=C2OCC(=O)N","N-(5-acetamido-2-fluorophenyl)-2-(2-amino-2-oxoethoxy)benzamide",0.9,33,-265.413025037671,0.36,NA,"844241919147389691"
"844241942216061717","C15H13F2N7O","[M + Na]+",2,0.0205607175366109,48.0000608151225,3.28811899170802,44.7119418234145,"4","YTRLNEAYBRWQPJ","CC(C1=NOC(=N1)CC2=NC=NN2)C3=NC4=CC=CC=C4N3C(F)F","3-[1-[1-(difluoromethyl)benzimidazol-2-yl]ethyl]-5-(1H-1,2,4-triazol-5-ylmethyl)-1,2,4-oxadiazole",2.9,1,-190.517709315422,0.528846153846154,0,"844241919147389691"
"844241942216061717","C15H13F2N7O","[M + Na]+",2,0.0205607175366109,48.0000608151225,3.28811899170802,44.7119418234145,"4","JTSTWKIGATWXTF","CC1=NC(=NC(=N1)N)C2=C(N=CC(=C2)F)NC3=CC(=C(N=C3)OC)F","4-(5-Fluoro-2-(5-fluoro-6-methoxypyridin-3-ylamino)pyridin-3-YL)-6-methyl-1,3,5-triazin-2-amine",1.9,2,-191.915638964899,0.458715596330275,Inf,"844241919147389691"
"844241942216061717","C15H13F2N7O","[M + Na]+",2,0.0205607175366109,48.0000608151225,3.28811899170802,44.7119418234145,"4","MQVBBWVQXHPMPR","C1=CC(=C(C(=C1)F)CN(NC2=CNN=C2)NC(=O)C3=CN=CN=C3)F","N'-[(2,6-difluorophenyl)methyl]-N'-(1H-pyrazol-4-ylamino)pyrimidine-5-carbohydrazide",2.1,3,-192.012304542438,0.524752475247525,NA,"844241919147389691"
"844241942216061717","C15H13F2N7O","[M + Na]+",2,0.0205607175366109,48.0000608151225,3.28811899170802,44.7119418234145,"4","VBSXQQWDJBMXPB","C1=CC(=C(C(=C1)F)CNC2=NC(=NC=C2C(=O)N)NC3=CNN=C3)F","4-[(2,6-difluorophenyl)methylamino]-2-(1H-pyrazol-4-ylamino)pyrimidine-5-carboxamide",1.8,4,-196.499675575816,0.523364485981308,NA,"844241919147389691"
"844241942216061717","C15H13F2N7O","[M + Na]+",2,0.0205607175366109,48.0000608151225,3.28811899170802,44.7119418234145,"4","FMIKZRJTWLKBRN","CC1=C(N=C(C(=N1)C(=O)NCC2=C(C=CC=C2F)F)N)N3N=CC=N3","3-amino-N-[(2,6-difluorophenyl)methyl]-6-methyl-5-(triazol-2-yl)pyrazine-2-carboxamide",2,5,-199.757713566903,0.514018691588785,NA,"844241919147389691"
"844241942216061717","C15H13F2N7O","[M + Na]+",2,0.0205607175366109,48.0000608151225,3.28811899170802,44.7119418234145,"4","ICKITLLBYZLHFH","CC1=NC2=NON=C2C(=C1CC3=NC(=C(C=C3)NCC(F)F)C#N)N",NA,2.5,7,-211.47593423069,0.481481481481481,NA,"844241919147389691"
"844241942216061717","C15H13F2N7O","[M + Na]+",2,0.0205607175366109,48.0000608151225,3.28811899170802,44.7119418234145,"4","WPYPMWYYODXLIP","CC1=CC(=NC(=N1)N)NC2=CN(N=C2C(=O)N)C3=C(C=CC=C3F)F","4-[(2-Amino-6-methylpyrimidin-4-yl)amino]-1-(2,6-difluorophenyl)pyrazole-3-carboxamide",2.1,8,-212.39452663918,0.508771929824561,NA,"844241919147389691"
"844241942216061717","C15H13F2N7O","[M + Na]+",2,0.0205607175366109,48.0000608151225,3.28811899170802,44.7119418234145,"4","UNOLYPSFWIKMAJ","C1=CC=C(C=C1)C=CC(C(=O)NC2=CN(N=C2)CC3=NNN=N3)(F)F","(E)-2,2-difluoro-4-phenyl-N-[1-(2H-tetrazol-5-ylmethyl)pyrazol-4-yl]but-3-enamide",1.6,11,-217.4020946956,0.392857142857143,NA,"844241919147389691"
"844241942216061717","C15H13F2N7O","[M + Na]+",2,0.0205607175366109,48.0000608151225,3.28811899170802,44.7119418234145,"4","GXABJCVNISZUSB","CN1C=C(C=N1)NC2=NC=CC(=N2)C3=CN=C(C=C3)NC(=O)C(F)F","2,2-difluoro-N-[5-[2-[(1-methylpyrazol-4-yl)amino]pyrimidin-4-yl]pyridin-2-yl]acetamide",1.3,12,-219.597781771262,0.491228070175439,NA,"844241919147389691"
"844241942216061717","C15H13F2N7O","[M + Na]+",2,0.0205607175366109,48.0000608151225,3.28811899170802,44.7119418234145,"4","HJSFOUOOTROZTO","CC1=NC2=NC=NN2C(=C1CC3=NC(=C(C=C3)C#N)OCC(F)F)N","6-[(7-Amino-5-methyl-[1,2,4]triazolo[1,5-a]pyrimidin-6-yl)methyl]-2-(2,2-difluoroethoxy)pyridine-3-carbonitrile",1.9,13,-227.028378237823,0.43801652892562,NA,"844241919147389691"
"844241942216061717","C15H13F2N7O","[M + Na]+",2,0.0205607175366109,48.0000608151225,3.28811899170802,44.7119418234145,"4","GIXMTDDSXCDPBC","C1C(C1(F)F)N2C(=CC=N2)CNC(=O)C3=CN(N=N3)C4=CN=CC=C4","N-[[2-(2,2-difluorocyclopropyl)pyrazol-3-yl]methyl]-1-pyridin-3-yltriazole-4-carboxamide",0.5,14,-227.491039925594,0.415254237288136,NA,"844241919147389691"
"844241942216061717","C15H13F2N7O","[M + Na]+",2,0.0205607175366109,48.0000608151225,3.28811899170802,44.7119418234145,"4","AIBREDAWJNYFKG","C1C(CN1C(=O)C2=C(C=CC=C2F)F)N3C=C(N=N3)CN4N=CC=N4","(2,6-Difluorophenyl)-[3-[4-(triazol-2-ylmethyl)triazol-1-yl]azetidin-1-yl]methanone",0.7,18,-242.002422295928,0.339130434782609,NA,"844241919147389691"
"844241942216061717","C15H13F2N7O","[M + Na]+",2,0.0205607175366109,48.0000608151225,3.28811899170802,44.7119418234145,"4","LXNFGOMEISTOMK","C1CN(CC1(F)F)C2=NN3C(=NC=C3C(=O)NC4=NN=CC=C4)C=C2","6-(3,3-difluoropyrrolidin-1-yl)-N-pyridazin-3-ylimidazo[1,2-b]pyridazine-3-carboxamide",1,19,-242.17157279442,0.403225806451613,NA,"844241919147389691"
"844241942216061717","C15H13F2N7O","[M + Na]+",2,0.0205607175366109,48.0000608151225,3.28811899170802,44.7119418234145,"4","BPJFMOZHRKOVMZ","C1CN(CC1(F)F)C2=NN3C(=NC=C3C(=O)NC4=NC=CN=C4)C=C2","6-(3,3-difluoropyrrolidin-1-yl)-N-pyrazin-2-ylimidazo[1,2-b]pyridazine-3-carboxamide",0.9,24,-251.805747062923,0.3984375,NA,"844241919147389691"
"844241942216061717","C15H13F2N7O","[M + Na]+",2,0.0205607175366109,48.0000608151225,3.28811899170802,44.7119418234145,"4","KLDFYAKMDGPMDJ","CN(C)C(=O)C1=CC(=C(N=C1)N)C2=NN=NN2C3=C(C(=CC=C3)F)F","6-amino-5-[1-(2,3-difluorophenyl)tetrazol-5-yl]-N,N-dimethylpyridine-3-carboxamide",1.1,25,-254.374194353907,0.436507936507937,NA,"844241919147389691"
"844241942216061718","C14H17F2N3O5","[M + Na]+",3,0.000903476035089555,44.8751727816749,3.31158247707697,41.563590304598,"4","IWCQONMLHVONLN","CCOC(=O)N1CCN(CC1)C2=C(C=C(C(=C2CO)F)[N+](=O)[O-])F","3,6-Difluoro-2-(4-ethoxycarbonyl-1-piperazinyl)-5-nitrobenzyl alcohol",1.2,219,-321.740535176904,0.344827586206897,NA,"844241919147389691"
"844241942216061718","C14H17F2N3O5","[M + Na]+",3,0.000903476035089555,44.8751727816749,3.31158247707697,41.563590304598,"4","HYDWDTMGPGGKTI","COC1=CC(=C(C(=C1)F)C2CN=C(C2NC(=O)O)NOCCO)F","[3-(2,6-difluoro-4-methoxyphenyl)-5-(2-hydroxyethoxyamino)-3,4-dihydro-2H-pyrrol-4-yl]carbamic acid",0.5,246,-326.709288428883,0.315789473684211,NA,"844241919147389691"
"844241942216061718","C14H17F2N3O5","[M + Na]+",3,0.000903476035089555,44.8751727816749,3.31158247707697,41.563590304598,"4","YXIAMSPSABAWNR","CC(C)(C)OC(=O)NC1COC2=C(C=CC(=N2)OC(F)F)NC1=O","tert-butyl N-[(3S)-7-(difluoromethoxy)-2-oxo-3,4-dihydro-1H-pyrido[2,3-b][1,4]oxazepin-3-yl]carbamate",2.1,286,-337.252122757167,0.305389221556886,NA,"844241919147389691"
"844241942216061718","C14H17F2N3O5","[M + Na]+",3,0.000903476035089555,44.8751727816749,3.31158247707697,41.563590304598,"4","RYYXIOLNZYBGHQ","COCCNC(=O)NC(=O)CNC1=C(C=C(C(=C1)C(=O)OC)F)F","Methyl 2,4-difluoro-5-[[2-(2-methoxyethylcarbamoylamino)-2-oxoethyl]amino]benzoate",1.3,287,-337.382965121388,0.30625,NA,"844241919147389691"
"844241942216061718","C14H17F2N3O5","[M + Na]+",3,0.000903476035089555,44.8751727816749,3.31158247707697,41.563590304598,"4","KDWCPERQQNFZRD","CN(CCN1CCOCC1=O)C2=C(C=CC(=C2)OC(F)F)[N+](=O)[O-]","4-[2-[5-(difluoromethoxy)-N-methyl-2-nitroanilino]ethyl]morpholin-3-one",1.9,288,-337.459089926244,0.380645161290323,NA,"844241919147389691"
"844241942216061718","C14H17F2N3O5","[M + Na]+",3,0.000903476035089555,44.8751727816749,3.31158247707697,41.563590304598,"4","CVPJVRLLJNRSGB","CCOC(=O)C(ONC(=O)N1CC(C=C(C1)C2=NC=CO2)C)(F)F","ethyl 2,2-difluoro-2-[[(3R)-3-methyl-5-(1,3-oxazol-2-yl)-3,6-dihydro-2H-pyridine-1-carbonyl]amino]oxyacetate",1.3,313,-347.448122399104,0.228395061728395,NA,"844241919147389691"
"844241942216061718","C14H17F2N3O5","[M + Na]+",3,0.000903476035089555,44.8751727816749,3.31158247707697,41.563590304598,"4","JAUWZCPMXGOVFY","CC1CN(CC(O1)C)C(=O)NC2=C(C=CC(=C2)[N+](=O)[O-])OC(F)F","N-[2-(difluoromethoxy)-5-nitrophenyl]-2,6-dimethylmorpholine-4-carboxamide",2.4,323,-348.858042112328,0.327044025157233,NA,"844241919147389691"
"844241942216061718","C14H17F2N3O5","[M + Na]+",3,0.000903476035089555,44.8751727816749,3.31158247707697,41.563590304598,"4","FCWVTDIMXVCREB","C1COC(CN1C(=O)NCC2=C(N=CC=C2)OCC(F)F)C(=O)O","4-[[2-(2,2-Difluoroethoxy)pyridin-3-yl]methylcarbamoyl]morpholine-2-carboxylic acid",0.4,397,-371.546556010498,0.291428571428571,NA,"844241919147389691"
"844241942216061718","C14H17F2N3O5","[M + Na]+",3,0.000903476035089555,44.8751727816749,3.31158247707697,41.563590304598,"4","SEAHIGNPSSUMPC","CC(C(=O)NC1=CC=CC=C1OC(F)F)OC(=O)CCNC(=O)N","[(2S)-1-[2-(difluoromethoxy)anilino]-1-oxopropan-2-yl] 3-(carbamoylamino)propanoate",1,405,-374.485548614001,0.264367816091954,NA,"844241919147389691"
"844241942216061718","C14H17F2N3O5","[M + Na]+",3,0.000903476035089555,44.8751727816749,3.31158247707697,41.563590304598,"4","CKVPZSUBKHFSJC","CC(C)(C)OC(=O)N1CCC(C1OC2=C(N=CC=C2)[N+](=O)[O-])(F)F","tert-butyl (2S)-3,3-difluoro-2-(2-nitropyridin-3-yl)oxypyrrolidine-1-carboxylate",2.8,428,-381.604017905457,0.266272189349112,NA,"844241919147389691"
"844241942216061718","C14H17F2N3O5","[M + Na]+",3,0.000903476035089555,44.8751727816749,3.31158247707697,41.563590304598,"4","WHKVCNFTYQCLNE","C1CN(CCC1CO)C(=O)NC2=C(C=CC(=C2)[N+](=O)[O-])OC(F)F","N-[2-(difluoromethoxy)-5-nitrophenyl]-4-(hydroxymethyl)piperidine-1-carboxamide",1.9,430,-382.121086472043,0.315151515151515,NA,"844241919147389691"
"844241942216061718","C14H17F2N3O5","[M + Na]+",3,0.000903476035089555,44.8751727816749,3.31158247707697,41.563590304598,"4","DVBMXBGFCSKWEE","CC(=O)NC(C1=NC2=CC(=C(C=C2N1)F)F)C(C(C(CO)O)O)O","N-[(2R)-1-(5,6-difluoro-1H-benzimidazol-2-yl)-2,3,4,5-tetrahydroxypentyl]acetamide",-1.7,431,-382.212822567095,0.327777777777778,NA,"844241919147389691"
"844241942216061718","C14H17F2N3O5","[M + Na]+",3,0.000903476035089555,44.8751727816749,3.31158247707697,41.563590304598,"4","GQSKWIKDDRTCQV","COC1=C(C=C(C(=C1)C(=O)NCC(C2CC2)N)[N+](=O)[O-])OC(F)F","N-(2-amino-2-cyclopropylethyl)-4-(difluoromethoxy)-5-methoxy-2-nitrobenzamide",1.8,444,-384.751828024531,0.308139534883721,NA,"844241919147389691"
"844241942216061718","C14H17F2N3O5","[M + Na]+",3,0.000903476035089555,44.8751727816749,3.31158247707697,41.563590304598,"4","UPBKGPXMJNJLOS","COCC1CC(C(O1)N2C=CC(=NC2=O)NC(=O)OCC=C)(F)F","prop-2-enyl N-[1-[(2R,5S)-3,3-difluoro-5-(methoxymethyl)oxolan-2-yl]-2-oxopyrimidin-4-yl]carbamate",0.9,452,-388.121793976903,0.245901639344262,NA,"844241919147389691"
"844241942216061718","C14H17F2N3O5","[M + Na]+",3,0.000903476035089555,44.8751727816749,3.31158247707697,41.563590304598,"4","ROORJEYJMZRBRE","CC(C)(C)OC(=O)N1CC(C(C1)(F)F)OC2=C(N=CC=C2)[N+](=O)[O-]","Tert-butyl 3,3-difluoro-4-(2-nitropyridin-3-yl)oxypyrrolidine-1-carboxylate",2.4,466,-394.021853182582,0.28,NA,"844241919147389691"
"844241942216061719","C12H14F3N7O2","[M + Na]+",4,0.000356281985129553,43.9446457068942,2.74354617329379,41.2010995336004,"4",NA,NA,NA,NA,NA,NA,NA,NA,"844241919147389691"
"844241942216061720","C14H17F6NO2","[M + Na]+",5,0.000167908028741382,43.1923395780527,2.74630119539662,40.4460383826561,"4",NA,NA,NA,NA,NA,NA,NA,NA,"844241919147389691"
"844241942216061721","C19H17F2NO3","[M + Na]+",6,7.00291211386133e-05,42.3178343683263,1.04966044780309,41.2681739205232,"4",NA,NA,NA,NA,NA,NA,NA,NA,"844241919147389691"
"844241942216061722","C11H18F3N3O6","[M + Na]+",7,4.39159953780978e-05,41.8512018096501,2.30103845578095,39.5501633538691,"4",NA,NA,NA,NA,NA,NA,NA,NA,"844241919147389691"
"844241942216061723","C9H15N9O6","[M + Na]+",8,4.37881839993985e-05,41.848287205806,1.64169999709892,40.2065872087071,"4",NA,NA,NA,NA,NA,NA,NA,NA,"844241919147389691"
"844241942216061724","C14H16F3N4O3","[M + Na]+",9,3.61577947473525e-05,41.6568157442168,2.30512539290346,39.3516903513133,"4",NA,NA,NA,NA,NA,NA,NA,NA,"844241919147389691"
"844241942216061725","C22H16FNO2","[M + Na]+",10,2.16557195037978e-05,41.1441927963948,0,41.1441927963948,"4",NA,NA,NA,NA,NA,NA,NA,NA,"844241919147389691"
