Metabolomics_FileName	#SampleID	Metabolomics_Position	Metabolomics_Num_Pos	Batch	Metadata	HOMAIR	CRP-hs	HDL	LDL	Cholesterol	Triglycerides	AGE	BMI
Plate01_Well_A02.mzXML Peak area	HC_M_49.577	Plate1_A02	1	1	HC	0.98	1.7	61	143	246	208	49.577	29.17008
Plate01_Well_A03.mzXML Peak area	HC_M_47.09103	Plate1_A03	2	1	HC	0.71	2.3	51	105	174	89	47.09103	27.35485
Plate01_Well_A04.mzXML Peak area	SZ_M_38.05065	Plate1_A04	3	1	SZ	1.75	3.8	33	67	145	227	38.05065	33.96223
Plate01_Well_A05.mzXML Peak area	SZ_M_36.25736	Plate1_A05	4	1	SZ	1.74	1.8	49	142	219	138	36.25736	35.64178
Plate01_Well_A06.mzXML Peak area	HC_M_51.3128	Plate1_A06	5	1	HC	7.24	3.1	33	120	177	120	51.3128	30.77021
Plate01_Well_A07.mzXML Peak area	SZ_F_65.22656	Plate1_A07	6	1	SZ	1.27	8.5	55	101	194	191	65.22656	26.62994
Plate01_Well_A08.mzXML Peak area	HC_M_50.423	Plate1_A08	7	1	HC							50.423	
Plate01_Well_A09.mzXML Peak area	SZ_M_36.77207	Plate1_A09	8	1	SZ	1.27	1.4	32	106	198	300	36.77207	27.42027
Plate01_Well_A10.mzXML Peak area	HC_M_45.50582	Plate1_A10	9	1	HC	1.94	1.6	41	144	216	153	45.50582	30.47186
Plate01_Well_A11.mzXML Peak area	SZ_F_51.28816	Plate1_A11	10	1	SZ	1.09	1.1	52	109	240	397	51.28816	38.42031
Plate01_Well_A12.mzXML Peak area	HC_M_40.42984	Plate1_A12	11	1	HC							40.42984	
Plate01_Well_B02.mzXML Peak area	SZ_M_74.70226	Plate1_B02	12	2	SZ	1.67	2	62	75	152	75	74.70226	35.07653
Plate01_Well_B03.mzXML Peak area	SZ_M_61.77139	Plate1_B03	13	2	SZ	0.93	3.5	61	105	182	80	61.77139	22.63079
Plate01_Well_B04.mzXML Peak area	HC_M_44.27652	Plate1_B04	14	2	HC	2.84	0.69999	44	96	159	97	44.27652	32.34372
Plate01_Well_B05.mzXML Peak area	HC_F_62.29706	Plate1_B05	15	2	HC	1.19	1.7	113	119	253	107	62.29706	24.2787
Plate01_Well_B06.mzXML Peak area	HC_M_46.91855	Plate1_B06	16	2	HC							46.91855	
Plate01_Well_B07.mzXML Peak area	SZ_M_58.92129	Plate1_B07	17	2	SZ	3.33	1.1	54	129	205	108	58.92129	28.4349
Plate01_Well_B08.mzXML Peak area	SZ_M_54.83368	Plate1_B08	18	2	SZ	3.52	2.8	35	54	123	169	54.83368	31.53139
Plate01_Well_B09.mzXML Peak area	HC_M_53.76865	Plate1_B09	19	2	HC	1.53		64	107	183	61	53.76865	20.87848
Plate01_Well_B10.mzXML Peak area	SZ_F_56.58042	Plate1_B10	20	2	SZ	1.76	11.1	65	81	164	88	56.58042	37.89201
Plate01_Well_B11.mzXML Peak area	HC_F_42.71321	Plate1_B11	21	2	HC	1.07	0.28999	62	85	163	79	42.71321	24.82968
Plate01_Well_B12.mzXML Peak area	SZ_F_41.80698	Plate1_B12	22	2	SZ	5.49	3	64	107	198	134	41.80698	41.84538
Plate01_Well_C02.mzXML Peak area	HC_F_61.79329	Plate1_C02	23	3	HC	1.27	0.28999	79	105	206	110	61.79329	28.48091
Plate01_Well_C03.mzXML Peak area	SZ_M_52.51198	Plate1_C03	24	3	SZ	8.26	4	31	93	182	289	52.51198	34.7027
Plate01_Well_C04.mzXML Peak area	HC_F_51.7974	Plate1_C04	25	3	HC		0.3	46	135	193	61	51.7974	22.93188
Plate01_Well_C05.mzXML Peak area	SZ_F_55.70431	Plate1_C05	26	3	SZ	7.94	18.4	54	61	151	178	55.70431	48.40335
Plate01_Well_C06.mzXML Peak area	SZ_F_31.71253	Plate1_C06	27	3	SZ	2.45	12.4	41	98	160	107	31.71253	35.41852
Plate01_Well_C07.mzXML Peak area	SZ_M_65.84257	Plate1_C07	28	3	SZ	0.58	0.5	59	94	167	70	65.84257	23.14193
Plate01_Well_C08.mzXML Peak area	SZ_F_47.65777	Plate1_C08	29	3	SZ	1.24	6.5	63	124	213	132	47.65777	27.55969
Plate01_Well_C09.mzXML Peak area	SZ_M_58.7707	Plate1_C09	30	3	SZ	1.16	0.2	47	107	174	102	58.7707	22.42369
Plate01_Well_C10.mzXML Peak area	SZ_F_57.1499	Plate1_C10	31	3	SZ	0.73	1.4	58	158	237	107	57.1499	29.32316
Plate01_Well_C11.mzXML Peak area	SZ_M_54.24504	Plate1_C11	32	3	SZ		0.8	35	78	144	153	54.24504	
Plate01_Well_C12.mzXML Peak area	HC_F_49.62081	Plate1_C12	33	3	HC	1.52	0.4	71	83	165	53	49.62081	
Plate01_Well_D02.mzXML Peak area	SZ_M_68.13415	Plate1_D02	34	4	SZ	0.49	3.7	41	121	182	102	68.13415	28.09984
Plate01_Well_D03.mzXML Peak area	HC_M_48.09309	Plate1_D03	35	4	HC							48.09309	
Plate01_Well_D04.mzXML Peak area	HC_M_41.11978	Plate1_D04	36	4	HC	0.85	0.6	66	91	171	72	41.11978	22.07613
Plate01_Well_D05.mzXML Peak area	SZ_F_49.73032	Plate1_D05	37	4	SZ	1.42	3.1	48	114	176	69	49.73032	
Plate01_Well_D06.mzXML Peak area	HC_F_63.22793	Plate1_D06	38	4	HC	2.25	5.3	57	146	225	110	63.22793	27.05268
Plate01_Well_D07.mzXML Peak area	SZ_M_47.75633	Plate1_D07	39	4	SZ	0.53	0.4	84	126	218	39	47.75633	20.13841
Plate01_Well_D08.mzXML Peak area	SZ_F_58.76249	Plate1_D08	40	4	SZ	6.02	3.7	81	111	205		58.76249	34.43896
Plate01_Well_D09.mzXML Peak area	SZ_M_41.67283	Plate1_D09	41	4	SZ	4.32	0.4	42	124	187	104	41.67283	32.47898
Plate01_Well_D10.mzXML Peak area	HC_M_47.28542	Plate1_D10	42	4	HC							47.28542	
Plate01_Well_D11.mzXML Peak area	SZ_F_54.40383	Plate1_D11	43	4	SZ	0.82	8.2	51	79	142	59	54.40383	32.07825
Plate01_Well_D12.mzXML Peak area	SZ_F_52.52841	Plate1_D12	44	4	SZ	42.26	8.2	53	159	247	176	52.52841	34.91094
Plate01_Well_E02.mzXML Peak area	SZ_F_62.97331	Plate1_E02	45	5	SZ	0.73	1	60	67	148	104	62.97331	26.6135
Plate01_Well_E03.mzXML Peak area	SZ_F_59.4141	Plate1_E03	46	5	SZ	1.78	1.4	61	99	187	133	59.4141	21.89386
Plate01_Well_E04.mzXML Peak area	HC_M_37.53593	Plate1_E04	47	5	HC		2.9	64	156	242	112	37.53593	
Plate01_Well_E05.mzXML Peak area	SZ_M_58.09993	Plate1_E05	48	5	SZ	8.59	3.7	44	158	245	216	58.09993	37.30104
Plate01_Well_E06.mzXML Peak area	SZ_F_60.81314	Plate1_E06	49	5	SZ	5.13	10.7	46	91	155	91	60.81314	32.91479
Plate01_Well_E07.mzXML Peak area	HC_F_68.21355	Plate1_E07	50	5	HC	0.8	0.4	44	145	205	82	68.21355	22.98686
Plate01_Well_E08.mzXML Peak area	SZ_F_44.57221	Plate1_E08	51	5	SZ	3.6	8.4	54	116	204	172	44.57221	30.59976
Plate01_Well_E09.mzXML Peak area	SZ_M_52.1588	Plate1_E09	52	5	SZ	1.37	0.4	26	80	145	195	52.1588	34.24961
Plate01_Well_E10.mzXML Peak area	SZ_M_52.28474	Plate1_E10	53	5	SZ	3.04	0.1	37	85	157	173	52.28474	28.89701
Plate01_Well_E11.mzXML Peak area	HC_F_55.10198	Plate1_E11	54	5	HC	8.99	2.3	45	115	190	151	55.10198	32.74623
Plate01_Well_E12.mzXML Peak area	HC_F_36.32033	Plate1_E12	55	5	HC	0.58	1.3	69	100	180	55	36.32033	
Plate01_Well_F02.mzXML Peak area	HC_M_64.87337	Plate1_F02	56	6	HC	2.15	0.3	54	102	176	98	64.87337	38.23429
Plate01_Well_F03.mzXML Peak area	SZ_M_60.76386	Plate1_F03	57	6	SZ	1.22	0.2	43	37	96	82	60.76386	30.19263
Plate01_Well_F04.mzXML Peak area	SZ_M_46.38467	Plate1_F04	58	6	SZ	0.54	2.8	42	78	145	123	46.38467	26.17798
Plate01_Well_F05.mzXML Peak area	HC_F_47.48528	Plate1_F05	59	6	HC	1.45	0.2	59	133	208	79	47.48528	21.12901
Plate01_Well_F06.mzXML Peak area	HC_F_40.93087	Plate1_F06	60	6	HC	3.85	0.2	55	118	186	67	40.93087	35.37041
Plate01_Well_F07.mzXML Peak area	SZ_F_67.59754	Plate1_F07	61	6	SZ	0.4		51	59	135	125	67.59754	22.20683
Plate01_Well_F08.mzXML Peak area	SZ_F_51.38672	Plate1_F08	62	6	SZ	0.41	10.8	49	79	141	64	51.38672	33.47371
Plate01_Well_F09.mzXML Peak area	HC_F_59.65503	Plate1_F09	63	6	HC		4	60	208	308	198	59.65503	28.04038
Plate01_Well_F10.mzXML Peak area	SZ_F_48.58864	Plate1_F10	64	6	SZ	8.84	7.3	39	147	222	181	48.58864	37.3297
Plate01_Well_F11.mzXML Peak area	HC_M_31.11567	Plate1_F11	65	6	HC	0.57	0.1					31.11567	23.79536
Plate01_Well_F12.mzXML Peak area	HC_F_28.05202	Plate1_F12	66	6	HC	0.67	0.6	95	115	222	62	28.05202	20.53585
Plate01_Well_G02.mzXML Peak area	HC_M_34.53525	Plate1_G02	67	7	HC	0.95	0.28999	63	121	211	133	34.53525	23.55001
Plate01_Well_G03.mzXML Peak area	HC_F_67.42779	Plate1_G03	68	7	HC	1.35	0.2	90	87	193	79	67.42779	24.13529
Plate01_Well_G04.mzXML Peak area	SZ_F_49.13895	Plate1_G04	69	7	SZ	5.51	7.4	57	101	176	88	49.13895	43.90203
Plate01_Well_G05.mzXML Peak area	HC_M_57.96851	Plate1_G05	70	7	HC							57.96851	25.72336
Plate01_Well_G06.mzXML Peak area	HC_F_63.6742	Plate1_G06	71	7	HC	3.77	3.4	56	153	229	99	63.6742	34.40302
Plate01_Well_G07.mzXML Peak area	HC_F_59.18686	Plate1_G07	72	7	HC	0.84	0.8	66	116	196	72	59.18686	22.43963
Plate01_Well_G08.mzXML Peak area	SZ_M_45.12526	Plate1_G08	73	7	SZ	5.11	11.8	47	79	151	124	45.12526	28.61802
Plate01_Well_G09.mzXML Peak area	SZ_F_49.89733	Plate1_G09	74	7	SZ	9.12	0.6	47	130	200	113	49.89733	41.59709
Plate01_Well_G10.mzXML Peak area	HC_F_69.23477	Plate1_G10	75	7	HC	2.51	6.4	81	114	225	151	69.23477	33.04891
Plate01_Well_G11.mzXML Peak area	HC_F_65.13347	Plate1_G11	76	7	HC		0.4	86	78	177	65	65.13347	19.86489
Plate01_Well_G12.mzXML Peak area	HC_F_64.24367	Plate1_G12	77	7	HC		1.5	53	125	202	122	64.24367	29.34004
Plate01_Well_H02.mzXML Peak area	HC_F_33.94387	Plate1_H02	78	8	HC		0.28999	65	59	133	43	33.94387	17.81809
Plate01_Well_H03.mzXML Peak area	HC_F_52.27379	Plate1_H03	79	8	HC	1.05	0.3	75	121	215	93	52.27379	24.49468
Plate01_Well_H04.mzXML Peak area	HC_M_47.5154	Plate1_H04	80	8	HC	1.15	1.8	45	101	163	83	47.5154	29.21156
Plate01_Well_H05.mzXML Peak area	SZ_M_59.23888	Plate1_H05	81	8	SZ	1.96	0.69999	29	126	181	131	59.23888	31.51793
Plate01_Well_H06.mzXML Peak area	HC_M_69.62902	Plate1_H06	82	8	HC			50	108	185	135	69.62902	27.1731
Plate01_Well_H07.mzXML Peak area	HC_F_52.71184	Plate1_H07	83	8	HC	3.33	8.5	55	76	159	138	52.71184	40.83604
Plate01_Well_H08.mzXML Peak area	HC_M_70.00411	Plate1_H08	84	8	HC		3.4	56	79	152	84	70.00411	32.50852
Plate01_Well_H09.mzXML Peak area	HC_F_30.705	Plate1_H09	85	8	HC	1.54	0.28999	68	85	163	95	30.705	24.22746
Plate01_Well_H10.mzXML Peak area	HC_M_46.7707	Plate1_H10	86	8	HC		1.4					46.7707	31.23227
Plate01_Well_H11.mzXML Peak area	SZ_M_61.86721	Plate1_H11	87	8	SZ	0.7	3.2	29	64	103	52	61.86721	30.03086
Plate01_Well_H12.mzXML Peak area	SZ_M_60.98289	Plate1_H12	88	8	SZ	1.25	2.4	66	66	145	64	60.98289	22.70373
Plate02_Well_A02.mzXML Peak area	SZ_F_37.35524	Plate2_A02	89	9	SZ	3.91	4.5	46	61	123	82	37.35524	33.97612
Plate02_Well_A03.mzXML Peak area	SZ_F_66.41478	Plate2_A03	90	9	SZ							66.41478	32.59365
Plate02_Well_A04.mzXML Peak area	HC_M_67.0883	Plate2_A04	91	9	HC	3.5	0.89999	26	96	201	395	67.0883	27.08352
Plate02_Well_A05.mzXML Peak area	SZ_M_39.88775	Plate2_A05	92	9	SZ	5.67	7.6	38	141	206	136	39.88775	43.59963
Plate02_Well_A06.mzXML Peak area	HC_F_59.52088	Plate2_A06	93	9	HC	1.39		57	123	198	88	59.52088	27.95492
Plate02_Well_A07.mzXML Peak area	SZ_M_53.859	Plate2_A07	94	9	SZ	0.51	0.4	50	93	160	85	53.859	22.61235
Plate02_Well_A08.mzXML Peak area	HC_M_59.57016	Plate2_A08	95	9	HC							59.57016	
Plate02_Well_A09.mzXML Peak area	SZ_F_61.03765	Plate2_A09	96	9	SZ	2.79	1.5	61	91	175	113	61.03765	
Plate02_Well_A10.mzXML Peak area	HC_M_66.74606	Plate2_A10	97	9	HC		1.5	42	115	198	205	66.74606	30.06275
Plate02_Well_A11.mzXML Peak area	SZ_F_29.44285	Plate2_A11	98	9	SZ	2.55	1.3	52	73	134	43	29.44285	27.46094
Plate02_Well_A12.mzXML Peak area	HC_F_60.65161	Plate2_A12	99	9	HC		1.2	74	128	214	61	60.65161	19.74269
Plate02_Well_B02.mzXML Peak area	SZ_F_62.79535	Plate2_B02	100	10	SZ	1.27		77	143	230	50	62.79535	23.75622
Plate02_Well_B03.mzXML Peak area	HC_M_51.24709	Plate2_B03	101	10	HC		0.3	82	100	191	45	51.24709	
Plate02_Well_B04.mzXML Peak area	SZ_F_61.54962	Plate2_B04	102	10	SZ	2.8	1.6	56	82	166	138	61.54962	33.31497
Plate02_Well_B05.mzXML Peak area	HC_M_41.10883	Plate2_B05	103	10	HC							41.10883	
Plate02_Well_B06.mzXML Peak area	SZ_F_61.62081	Plate2_B06	104	10	SZ	0.71	0.2	69	140	231	108	61.62081	25.9176
x	SZ_F_66.07255	x	105	10	SZ							66.07255	