"dataset","role","file","reason"
"MSV000082493","metabolite","MSV000082493_DM011_1_360_RA11_01_43839.mzXML","user review: truncated low-prominence peak (noise)"
"MSV000082493","metabolite","MSV000082493_DM018_9_120_RB9_01_43849.mzXML","user review: truncated low-prominence peak (noise)"
"MSV000082493","parent","MSV000082493_DM000076830_RE8_01_29159.mzML","user review: low on-RT noise (real feature is out of window)"
"MSV000082493","parent","MSV000082493_DM000076834_RB8_01_29064.mzML","user review: low on-RT noise (real feature is out of window)"
"MSV000082493","metabolite","MSV000082493_DM000076790_RE5_01_29156.mzML","user review: declining shoulder"
"MSV000082433","metabolite","MSV000082433_138.mzML","user review: truncated ramp (4 pts)"
"MSV000094097","metabolite","MSV000094097_OAS_17_stool_inj2.mzML","user review: jagged dirty-matrix noise (94097 stool)"
"MSV000094097","metabolite","MSV000094097_OAS_24_saliva_prot2_inj2.mzML","user review: jagged dirty-matrix noise (94097 saliva)"
"MSV000094097","metabolite","MSV000094097_OAS_25_stool.mzML","user review: jagged dirty-matrix noise (94097 stool)"
"MSV000094097","metabolite","MSV000094097_OAS_27_stool_inj2.mzML","user review: jagged dirty-matrix noise (94097 stool)"
"MSV000094097","metabolite","MSV000094097_OAS_28_stool_inj2.mzML","user review: jagged dirty-matrix noise (94097 stool)"
"MSV000094097","metabolite","MSV000094097_OAS_29_stool_inj2.mzML","user review: jagged dirty-matrix noise (94097 stool)"
"MSV000094097","metabolite","MSV000094097_OAS_3_stool.mzML","user review: jagged dirty-matrix noise (94097 stool)"
"MSV000094097","metabolite","MSV000094097_OAS_5_stool.mzML","user review: jagged dirty-matrix noise (94097 stool)"
"MSV000094097","metabolite","MSV000094097_OAS_6_stool_inj3.mzML","user review: jagged dirty-matrix noise (94097 stool)"
"MSV000094097","parent","MSV000094097_OAS_13_stool.mzML","user review: jagged dirty-matrix noise (94097 stool)"
"MSV000094097","parent","MSV000094097_OAS_29_stool_inj2.mzML","user review: jagged dirty-matrix noise (94097 stool)"
"MSV000094097","parent","MSV000094097_OAS_20_saliva_prot2_inj2.mzML","user review: jagged dirty-matrix rising ramp (94097 saliva)"
"MSV000094097","parent","MSV000094097_OAS_19_stool.mzML","user review: jagged dirty-matrix doublet (94097 stool)"
